Lot Frontage,Lot Area,Overall Qual,Overall Cond,Mas Vnr Area,Exter Qual,Exter Cond,Bsmt Qual,Bsmt Cond,Bsmt Exposure,Total Bsmt SF,Heating QC,Central Air,Gr Liv Area,Bedroom AbvGr,Kitchen Qual,Fireplaces,Garage Finish,Garage Cars,Garage Qual,Garage Cond,total_bath,total_outdoor_sf,house_age,remod_age,garage_age,qual_cond_interaction,MS SubClass_30,MS SubClass_40,MS SubClass_45,MS SubClass_50,MS SubClass_60,MS SubClass_70,MS SubClass_75,MS SubClass_80,MS SubClass_85,MS SubClass_90,MS SubClass_120,MS SubClass_160,MS SubClass_180,MS SubClass_190,MS Zoning_FV,MS Zoning_I (all),MS Zoning_Other,MS Zoning_RL,House Style_1.5Unf,House Style_1Story,House Style_2.5Fin,House Style_2.5Unf,House Style_2Story,House Style_SFoyer,House Style_SLvl,Mas Vnr Type_None,Mas Vnr Type_Other,Mas Vnr Type_Stone,Foundation_CBlock,Foundation_PConc,Foundation_Slab,Foundation_Stone,Foundation_Wood,Garage Type_Attchd,Garage Type_Basment,Garage Type_BuiltIn,Garage Type_CarPort,Garage Type_Detchd,Garage Type_None,price_tier,SalePrice
34.0,3901,6,5,182.0,4,3,4,3,3,1302.0,5,1,1302,1,4,1,2,2.0,3,3,2.5,160,5,4,5.0,30,0,0,0,0,0,0,0,0,0,0,1,0,0,0,0,0,0,1,0,1,0,0,0,0,0,0,0,1,0,1,0,0,0,1,0,0,0,0,0,Alto,204000
41.0,5330,8,5,0.0,4,3,4,3,3,1494.0,5,1,1652,2,5,0,2,2.0,3,3,3.0,144,10,10,10.0,40,0,0,0,0,0,0,0,0,0,0,1,0,0,0,0,0,0,1,0,1,0,0,0,0,0,1,0,0,0,1,0,0,0,1,0,0,0,0,0,Alto,251000
41.0,7132,8,5,178.0,4,3,4,3,2,1370.0,5,1,1370,2,4,1,2,2.0,3,3,2.0,169,4,4,4.0,40,0,0,0,0,0,0,0,0,0,0,1,0,0,0,0,0,0,1,0,1,0,0,0,0,0,0,0,1,0,1,0,0,0,1,0,0,0,0,0,Alto,205000
72.0,16387,9,5,215.0,4,3,5,4,1,1738.0,4,1,2589,4,5,1,2,3.0,3,3,3.5,0,4,4,4.0,45,0,0,0,0,1,0,0,0,0,0,0,0,0,0,0,0,0,1,0,0,0,0,1,0,0,0,0,1,0,1,0,0,0,1,0,0,0,0,0,Alto,412083
60.0,10320,4,1,0.0,2,2,3,2,1,771.0,2,1,1484,3,3,0,1,1.0,3,2,2.0,225,100,60,100.0,4,0,0,0,1,0,0,0,0,0,0,0,0,0,0,0,0,1,0,0,0,0,0,0,0,0,1,0,0,1,0,0,0,0,0,0,0,0,1,0,Baixo,50000
70.0,8737,6,7,0.0,3,3,4,3,1,1065.0,5,1,1635,3,3,1,1,2.0,3,3,1.5,38,87,60,60.0,42,0,0,0,1,0,0,0,0,0,0,0,0,0,0,0,0,0,1,0,0,0,0,0,0,0,1,0,0,0,0,0,0,0,0,0,0,0,1,0,Baixo,210000
75.0,9937,5,6,0.0,4,3,3,3,1,1256.0,4,1,1256,3,3,0,3,1.0,3,3,2.5,804,45,45,45.0,30,0,0,0,0,0,0,0,0,0,0,0,0,0,0,0,0,0,1,0,1,0,0,0,0,0,1,0,0,1,0,0,0,0,1,0,0,0,0,0,Baixo,147500
72.0,11235,5,6,0.0,3,3,4,3,3,981.0,3,1,1075,3,4,0,1,2.0,3,3,2.0,64,47,47,14.0,30,0,0,0,0,0,0,0,0,1,0,0,0,0,0,0,0,0,1,0,0,0,0,0,1,0,1,0,0,1,0,0,0,0,0,0,0,0,1,0,Baixo,148000
107.0,12852,8,5,0.0,4,3,4,3,3,920.0,5,1,1780,3,4,1,3,2.0,3,3,3.5,192,3,3,3.0,40,0,0,0,0,1,0,0,0,0,0,0,0,0,0,0,0,0,1,0,0,0,0,1,0,0,1,0,0,0,1,0,0,0,1,0,0,0,0,0,Alto,264966
124.0,16158,7,5,16.0,4,3,5,3,3,1530.0,5,1,1530,3,4,1,3,2.0,3,3,3.0,204,5,5,5.0,35,0,0,0,0,0,0,0,0,0,0,0,0,0,0,0,0,0,1,0,1,0,0,0,0,0,0,0,1,0,1,0,0,0,1,0,0,0,0,0,Alto,260000
86.0,11839,7,5,99.0,3,3,4,3,1,1475.0,5,1,2329,4,4,1,1,2.0,3,3,3.5,313,20,20,20.0,35,0,0,0,0,1,0,0,0,0,0,0,0,0,0,0,0,0,1,0,0,0,0,1,0,0,0,0,0,0,1,0,0,0,1,0,0,0,0,0,Médio,262280
90.0,9900,6,5,0.0,4,3,3,3,1,1680.0,3,1,1691,2,3,0,1,2.0,4,3,2.0,327,43,43,43.0,30,0,0,0,0,0,0,0,0,0,0,0,0,0,0,0,0,0,1,0,1,0,0,0,0,0,1,0,0,1,0,0,0,0,1,0,0,0,0,0,Médio,175000
47.0,16321,5,6,0.0,3,3,3,3,4,1484.0,3,1,1600,2,3,2,2,1.0,3,3,2.0,546,53,13,53.0,30,0,0,0,0,0,0,0,0,0,0,0,0,0,0,0,0,0,1,0,1,0,0,0,0,0,1,0,0,1,0,0,0,0,1,0,0,0,0,0,Médio,207500
72.0,11327,5,6,305.0,3,3,3,3,3,1064.0,3,1,1064,3,3,1,1,2.0,3,3,1.5,362,43,43,43.0,30,0,0,0,0,0,0,0,0,0,0,0,0,0,0,0,0,0,1,0,1,0,0,0,0,0,0,0,0,1,0,0,0,0,1,0,0,0,0,0,Baixo,153600
37.0,4435,6,5,169.0,4,3,4,3,2,848.0,5,1,848,1,4,1,2,2.0,3,3,2.0,140,6,6,6.0,30,0,0,0,0,0,0,0,0,0,0,1,0,0,0,0,0,1,0,0,1,0,0,0,0,0,0,0,0,0,1,0,0,0,1,0,0,0,0,0,Alto,155900
65.0,14006,7,5,144.0,4,3,4,3,0,936.0,5,1,1776,3,4,1,2,2.0,3,3,2.5,240,8,8,8.0,35,0,0,0,0,1,0,0,0,0,0,0,0,0,0,0,0,0,1,0,0,0,0,1,0,0,0,0,0,0,1,0,0,0,1,0,0,0,0,0,Alto,192500
64.0,7018,5,5,0.0,3,2,0,0,0,0.0,3,1,1535,4,3,0,1,2.0,3,3,2.0,0,31,31,31.0,25,0,0,0,0,0,0,0,0,0,1,0,0,0,0,0,0,0,1,0,1,0,0,0,0,0,1,0,0,0,0,1,0,0,1,0,0,0,0,0,Médio,118964
63.0,8199,7,5,0.0,4,3,4,3,3,728.0,5,1,1456,3,4,1,3,2.0,3,3,3.5,54,5,5,5.0,35,0,0,0,0,1,0,0,0,0,0,0,0,0,0,0,0,0,1,0,0,0,0,1,0,0,1,0,0,0,1,0,0,0,1,0,0,0,0,0,Alto,189000
85.0,10625,8,5,292.0,4,3,4,3,3,1660.0,5,1,1660,3,4,1,3,3.0,3,3,2.0,253,3,3,3.0,40,0,0,0,0,0,0,0,0,0,0,0,0,0,0,0,0,0,0,0,1,0,0,0,0,0,0,0,0,0,1,0,0,0,1,0,0,0,0,0,Alto,256000
40.0,3876,8,5,0.0,4,3,4,3,4,1226.0,3,1,1226,1,4,1,3,2.0,3,3,2.0,193,32,32,32.0,40,0,0,0,0,0,0,0,0,0,0,1,0,0,0,0,0,0,1,0,1,0,0,0,0,0,1,0,0,1,0,0,0,0,1,0,0,0,0,0,Alto,170000
84.0,10207,7,6,0.0,4,3,4,3,1,874.0,5,1,1761,3,4,0,3,2.0,3,3,3.0,249,3,3,3.0,42,0,0,0,0,1,0,0,0,0,0,0,0,0,0,0,0,0,0,0,0,0,0,1,0,0,1,0,0,0,1,0,0,0,1,0,0,0,0,0,Alto,227875
85.0,9965,7,5,0.0,4,3,4,3,1,1528.0,5,1,1528,3,4,1,1,2.0,3,3,4.0,228,3,3,3.0,35,0,0,0,0,0,0,0,0,0,0,0,0,0,0,0,0,0,1,0,1,0,0,0,0,0,1,0,0,0,1,0,0,0,1,0,0,0,0,0,Alto,235876
108.0,14774,9,5,165.0,4,3,4,3,1,1393.0,5,1,2599,4,4,1,3,3.0,3,3,2.5,698,11,11,11.0,45,0,0,0,0,1,0,0,0,0,0,0,0,0,0,0,0,0,1,0,0,0,0,1,0,0,0,0,0,0,1,0,0,0,0,0,1,0,0,0,Alto,333168
115.0,21286,5,5,0.0,3,3,3,3,1,720.0,3,1,1271,4,3,1,1,1.0,3,3,2.0,108,62,60,62.0,25,0,0,0,1,0,0,0,0,0,0,0,0,0,0,0,0,0,1,0,0,0,0,0,0,0,1,0,0,1,0,0,0,0,1,0,0,0,0,0,Baixo,135000
60.0,12180,5,7,0.0,3,3,3,3,1,585.0,4,1,1053,2,5,0,0,0.0,0,0,1.5,42,72,3,72.0,35,0,0,0,1,0,0,0,0,0,0,0,0,0,0,0,0,0,1,0,0,0,0,0,0,0,1,0,0,0,1,0,0,0,0,0,0,0,0,1,Baixo,120000
24.0,2308,6,6,0.0,3,3,4,3,1,804.0,3,1,1548,3,4,1,1,2.0,3,3,3.5,48,34,34,34.0,36,0,0,0,0,0,0,0,0,0,0,0,1,0,0,0,0,0,1,0,0,0,0,1,0,0,1,0,0,1,0,0,0,0,0,0,0,0,1,0,Médio,155000
60.0,10044,5,6,0.0,3,3,4,3,4,1196.0,3,1,1196,3,3,0,2,1.0,3,3,2.0,425,42,42,42.0,30,0,0,0,0,0,0,0,0,0,0,0,0,0,0,0,0,0,1,0,1,0,0,0,0,0,1,0,0,1,0,0,0,0,1,0,0,0,0,0,Baixo,144000
72.0,12095,6,6,115.0,3,4,3,3,4,1127.0,3,1,1445,3,3,1,2,2.0,3,3,1.5,180,46,46,46.0,36,0,0,0,0,0,0,0,1,0,0,0,0,0,0,0,0,0,1,0,0,0,0,0,0,1,0,0,0,1,0,0,0,0,1,0,0,0,0,0,Médio,158000
50.0,8405,5,8,0.0,3,3,3,4,1,861.0,5,1,1367,4,3,0,1,1.0,3,3,2.0,242,110,60,32.0,40,0,0,0,1,0,0,0,0,0,0,0,0,0,0,0,0,0,1,0,0,0,0,0,0,0,1,0,0,0,0,0,0,0,0,0,0,0,1,0,Baixo,119000
80.0,10400,7,5,102.0,3,3,4,3,3,1845.0,4,1,1872,3,3,1,3,2.0,3,3,2.5,236,22,22,22.0,35,0,0,0,0,0,0,0,0,0,0,0,0,0,0,0,0,0,1,0,1,0,0,0,0,0,0,0,0,1,0,0,0,0,1,0,0,0,0,0,Médio,241500
64.0,8320,7,5,0.0,4,3,4,3,1,770.0,5,1,1582,3,4,0,2,2.0,3,3,2.5,45,6,6,6.0,35,0,0,0,0,1,0,0,0,0,0,0,0,0,0,0,0,0,1,0,0,0,0,1,0,0,1,0,0,0,1,0,0,0,1,0,0,0,0,0,Alto,185900
70.0,7931,5,6,0.0,3,3,3,3,1,1269.0,3,1,1269,3,3,1,1,1.0,3,3,1.5,0,50,50,46.0,30,0,0,0,0,0,0,0,0,0,0,0,0,0,0,0,0,0,1,0,1,0,0,0,0,0,1,0,0,1,0,0,0,0,0,0,0,0,1,0,Médio,155000
72.0,17199,4,7,0.0,3,4,3,3,1,914.0,5,1,914,2,3,0,1,1.0,2,3,1.0,140,49,49,49.0,28,0,0,0,0,0,0,0,0,0,0,0,0,0,0,0,0,0,1,0,1,0,0,0,0,0,1,0,0,0,0,0,0,0,0,1,0,0,0,0,Médio,128000
72.0,12342,5,5,0.0,3,3,3,3,1,978.0,3,1,1422,3,3,1,2,1.0,3,3,1.0,36,50,32,50.0,25,0,0,0,0,0,0,0,0,0,0,0,0,0,0,0,0,0,1,0,1,0,0,0,0,0,1,0,0,1,0,0,0,0,1,0,0,0,0,0,Médio,139900
34.0,3628,7,5,0.0,4,3,4,3,1,1143.0,5,1,1143,1,4,1,2,2.0,3,3,1.5,191,6,6,6.0,35,0,0,0,0,0,0,0,0,0,0,1,0,0,0,0,0,0,0,0,1,0,0,0,0,0,1,0,0,0,1,0,0,0,1,0,0,0,0,0,Alto,176400
85.0,11050,8,5,0.0,4,3,4,3,1,1049.0,5,1,1916,3,4,1,1,3.0,3,3,3.5,70,12,11,12.0,40,0,0,0,0,1,0,0,0,0,0,0,0,0,0,0,0,0,1,0,0,0,0,1,0,0,1,0,0,0,1,0,0,0,1,0,0,0,0,0,Médio,254900
60.0,7200,4,4,0.0,3,3,3,3,1,864.0,3,1,874,3,3,0,1,2.0,3,3,1.5,63,39,39,15.0,16,0,0,0,0,0,0,0,0,0,0,0,0,0,0,0,0,0,1,0,1,0,0,0,0,0,1,0,0,1,0,0,0,0,0,0,0,0,1,0,Médio,97500
60.0,11414,7,8,0.0,3,4,4,3,1,728.0,3,0,2019,3,4,0,1,2.0,3,3,1.0,644,100,17,13.0,56,0,0,0,0,0,1,0,0,0,0,0,0,0,0,0,0,0,1,0,0,0,0,1,0,0,1,0,0,0,0,0,0,0,0,0,0,0,1,0,Baixo,167500
68.0,8814,7,5,80.0,4,3,4,3,1,1274.0,5,1,1274,3,4,0,2,2.0,3,3,3.0,362,5,3,5.0,35,0,0,0,0,0,0,0,0,0,0,0,0,0,0,0,0,0,1,0,1,0,0,0,0,0,0,0,0,0,1,0,0,0,1,0,0,0,0,0,Alto,203000
80.0,20781,7,7,0.0,3,3,3,3,1,1568.0,3,1,2156,3,3,1,2,2.0,4,3,2.0,80,42,7,42.0,49,0,0,0,0,0,0,0,0,0,0,0,0,0,0,0,0,0,1,0,1,0,0,0,0,0,1,0,0,1,0,0,0,0,1,0,0,0,0,0,Médio,262500
85.0,11475,6,6,90.0,3,3,3,3,4,1208.0,5,1,1576,4,4,1,3,2.0,3,3,2.0,85,49,49,49.0,36,0,0,0,0,0,0,0,1,0,0,0,0,0,0,0,0,0,1,0,0,0,0,0,0,1,0,0,0,1,0,0,0,0,0,0,1,0,0,0,Médio,174500
50.0,6900,6,7,0.0,3,3,4,3,1,827.0,4,1,1251,3,2,0,1,1.0,2,3,1.0,0,72,10,72.0,42,0,0,1,0,0,0,0,0,0,0,0,0,0,0,0,0,1,0,0,0,0,0,0,0,0,1,0,0,0,1,0,0,0,0,0,0,0,1,0,Baixo,119000
64.0,7242,7,5,0.0,4,3,4,3,1,1270.0,5,1,1270,2,4,0,2,2.0,3,3,2.0,96,5,4,5.0,35,0,0,0,0,0,0,0,0,0,0,0,0,0,0,0,0,0,1,0,1,0,0,0,0,0,1,0,0,0,1,0,0,0,1,0,0,0,0,0,Alto,175900
60.0,7200,5,4,0.0,3,3,3,3,1,1208.0,4,1,1904,3,3,0,1,1.0,3,3,2.5,168,60,28,60.0,20,0,0,0,1,0,0,0,0,0,0,0,0,0,0,0,0,0,1,0,0,0,0,0,0,0,1,0,0,1,0,0,0,0,1,0,0,0,0,0,Médio,138000
60.0,10800,7,7,0.0,3,3,4,3,2,880.0,2,0,1768,2,3,2,1,2.0,3,3,1.5,341,96,40,96.0,49,0,0,0,0,0,0,1,0,0,0,0,0,0,0,0,0,1,0,0,0,0,1,0,0,0,1,0,0,0,0,0,0,0,0,0,0,0,1,0,Baixo,163000
65.0,8127,7,5,0.0,4,3,4,3,1,812.0,5,1,1653,3,4,0,2,2.0,3,3,3.5,45,7,7,7.0,35,0,0,0,0,1,0,0,0,0,0,0,0,0,0,0,0,0,0,0,0,0,0,1,0,0,1,0,0,0,1,0,0,0,1,0,0,0,0,0,Alto,209000
60.0,8147,9,5,230.0,4,3,5,3,4,1714.0,5,1,1714,2,4,1,3,2.0,3,3,3.0,211,5,5,5.0,45,0,0,0,0,0,0,0,0,0,0,1,0,0,0,0,0,0,1,0,1,0,0,0,0,0,0,0,0,0,1,0,0,0,1,0,0,0,0,0,Alto,318000
60.0,10800,4,4,0.0,3,3,3,3,1,720.0,3,0,1192,4,3,0,0,0.0,0,0,1.5,0,61,60,61.0,16,0,0,0,1,0,0,0,0,0,0,0,0,0,0,0,0,0,1,0,0,0,0,0,0,0,1,0,0,1,0,0,0,0,0,0,0,0,0,1,Médio,135000
65.0,14149,5,8,50.0,4,4,3,3,4,980.0,3,1,1020,3,3,1,1,2.0,3,3,2.5,0,46,9,40.0,40,0,0,0,0,0,0,0,1,0,0,0,0,0,0,0,0,0,1,0,0,0,0,0,0,1,0,0,0,1,0,0,0,0,0,0,0,0,1,0,Baixo,165000
60.0,12180,4,4,0.0,3,2,4,3,1,672.0,2,0,924,2,2,0,1,1.0,3,3,2.0,0,69,60,69.0,16,0,0,0,0,0,0,0,0,0,0,0,0,0,1,0,0,0,1,0,0,0,0,0,0,0,1,0,0,0,0,0,0,0,0,0,0,0,1,0,Baixo,80000
78.0,11344,5,5,180.0,3,3,3,3,1,874.0,3,1,1524,3,3,0,1,1.0,3,3,1.5,0,52,52,52.0,25,0,0,0,1,0,0,0,0,0,0,0,0,0,0,0,0,0,1,0,0,0,0,0,0,0,0,0,0,1,0,0,0,0,1,0,0,0,0,0,Médio,144000
72.0,12929,6,6,276.0,3,3,3,3,4,1081.0,3,1,1081,3,3,0,1,1.0,3,3,2.0,118,50,17,50.0,36,0,0,0,0,0,0,0,0,0,0,0,0,0,0,0,0,0,1,0,1,0,0,0,0,0,0,0,0,1,0,0,0,0,0,0,0,1,0,0,Médio,148000
80.0,10382,7,6,240.0,3,3,4,3,2,1107.0,5,1,2090,3,3,2,2,2.0,3,3,3.5,667,37,37,37.0,42,0,0,0,0,1,0,0,0,0,0,0,0,0,0,0,0,0,1,0,0,0,0,1,0,0,0,0,1,1,0,0,0,0,1,0,0,0,0,0,Médio,200000
90.0,15750,8,5,260.0,4,3,4,3,4,1462.0,5,1,1513,2,4,1,3,2.0,3,3,3.0,169,11,10,11.0,40,0,0,0,0,0,0,0,0,0,0,0,0,0,0,0,0,0,1,0,1,0,0,0,0,0,0,0,0,0,1,0,0,0,1,0,0,0,0,0,Alto,220000
70.0,9216,5,6,176.0,3,3,3,3,3,1076.0,3,1,1076,3,3,1,1,2.0,3,3,1.5,0,35,35,25.0,30,0,0,0,0,0,0,0,0,0,0,0,0,0,0,0,0,0,1,0,1,0,0,0,0,0,0,0,0,1,0,0,0,0,0,0,0,0,1,0,Alto,143195
85.0,9572,8,5,336.0,4,3,5,3,1,1453.0,5,1,2810,4,4,1,2,2.0,4,4,2.5,500,20,20,20.0,40,0,0,0,0,1,0,0,0,0,0,0,0,0,0,0,0,0,1,0,0,0,0,1,0,0,0,0,0,0,1,0,0,0,1,0,0,0,0,0,Alto,302000
51.0,9839,5,2,0.0,3,3,3,2,1,894.0,5,1,1666,3,3,1,0,0.0,0,0,2.0,156,79,60,79.0,10,0,0,0,1,0,0,0,0,0,0,0,0,0,0,0,0,0,1,0,0,0,0,0,0,0,1,0,0,0,1,0,0,0,0,0,0,0,0,1,Médio,100000
60.0,7200,4,5,0.0,3,3,0,0,0,0.0,2,0,1040,2,3,0,1,2.0,3,3,2.0,0,61,60,54.0,20,0,0,0,0,0,0,0,0,0,1,0,0,0,0,0,0,0,1,0,1,0,0,0,0,0,1,0,0,0,0,1,0,0,0,0,0,0,1,0,Médio,90000
72.0,11765,5,5,302.0,3,3,3,3,2,1617.0,2,1,1797,3,3,1,1,3.0,3,3,1.5,0,53,53,53.0,25,0,0,0,0,0,0,0,0,0,0,0,0,0,0,0,0,0,1,0,1,0,0,0,0,0,0,0,1,1,0,0,0,0,1,0,0,0,0,0,Médio,169000
90.0,9900,5,5,0.0,3,3,4,3,1,1209.0,4,1,1209,3,3,0,2,2.0,3,3,2.0,120,44,44,44.0,25,0,0,0,0,0,0,0,0,0,0,0,0,0,0,0,0,0,1,0,1,0,0,0,0,0,1,0,0,0,1,0,0,0,1,0,0,0,0,0,Médio,159000
50.0,7550,4,5,0.0,2,2,3,2,1,951.0,2,0,1362,4,3,0,1,1.0,2,3,2.0,0,90,60,90.0,20,0,0,0,1,0,0,0,0,0,0,0,0,0,0,0,0,0,1,0,0,0,0,0,0,0,1,0,0,0,0,0,0,0,0,0,0,0,1,0,Baixo,96000
80.0,10400,7,6,280.0,3,3,4,3,2,738.0,3,1,2044,3,3,1,1,2.0,3,3,2.5,101,30,22,30.0,42,0,0,0,0,1,0,0,0,0,0,0,0,0,0,0,0,0,1,0,0,0,0,1,0,0,0,0,0,1,0,0,0,0,1,0,0,0,0,0,Médio,185000
55.0,6854,5,7,0.0,3,4,3,3,1,756.0,3,0,1060,1,3,1,1,1.0,2,3,2.0,65,85,16,41.0,35,0,1,0,0,0,0,0,0,0,0,0,0,0,0,0,0,0,1,0,1,0,0,0,0,0,1,0,0,0,1,0,0,0,0,0,0,0,1,0,Baixo,136500
76.0,9291,6,5,120.0,4,3,4,3,1,832.0,5,1,1710,3,4,0,2,2.0,3,3,2.5,214,17,17,17.0,30,0,0,0,0,1,0,0,0,0,0,0,0,0,0,0,0,0,1,0,0,0,0,1,0,0,0,0,0,0,1,0,0,0,1,0,0,0,0,0,Médio,187000
60.0,9780,5,3,0.0,3,3,3,3,1,585.0,3,0,1112,4,3,0,1,1.0,1,1,3.0,0,76,60,76.0,15,0,0,0,1,0,0,0,0,0,0,0,0,0,0,0,0,0,1,0,0,0,0,0,0,0,1,0,0,0,1,0,0,0,0,0,0,0,1,0,Baixo,63000
72.0,9392,3,3,0.0,3,2,2,3,1,245.0,3,0,797,2,3,0,0,0.0,0,0,1.0,130,110,60,110.0,9,1,0,0,0,0,0,0,0,0,0,0,0,0,0,0,0,1,0,0,1,0,0,0,0,0,1,0,0,1,0,0,0,0,0,0,0,0,0,1,Baixo,44000
78.0,9316,7,5,140.0,4,3,4,3,4,1614.0,5,1,1614,3,4,1,3,2.0,3,3,2.0,145,5,5,5.0,35,0,0,0,0,0,0,0,0,0,0,0,0,0,0,0,0,0,1,0,1,0,0,0,0,0,0,0,0,0,1,0,0,0,1,0,0,0,0,0,Alto,225000
50.0,7000,6,7,0.0,3,3,3,3,1,861.0,5,1,1285,3,3,0,3,2.0,3,3,1.5,228,84,60,60.0,42,0,0,0,1,0,0,0,0,0,0,0,0,0,0,0,0,1,0,0,0,0,0,0,0,0,1,0,0,0,1,0,0,0,0,0,0,0,1,0,Baixo,145400
65.0,13680,3,5,0.0,3,3,0,0,0,0.0,5,1,1733,4,3,1,1,2.0,3,3,2.0,0,55,55,55.0,15,0,0,0,0,0,0,0,0,0,0,0,0,0,0,0,0,0,1,0,1,0,0,0,0,0,1,0,0,0,0,1,0,0,1,0,0,0,0,0,Baixo,139600
72.0,8640,8,5,0.0,4,3,4,3,3,896.0,5,1,1792,3,4,0,3,2.0,3,3,2.5,280,3,3,3.0,40,0,0,0,0,1,0,0,0,0,0,0,0,0,0,0,0,0,0,0,0,0,0,1,0,0,1,0,0,0,1,0,0,0,1,0,0,0,0,0,Alto,255000
65.0,8125,6,5,0.0,3,3,4,3,1,702.0,4,1,1481,3,3,1,3,2.0,3,3,2.5,36,16,15,16.0,30,0,0,0,0,1,0,0,0,0,0,0,0,0,0,0,0,0,1,0,0,0,0,1,0,0,1,0,0,0,1,0,0,0,1,0,0,0,0,0,Médio,174000
85.0,10200,8,5,180.0,4,3,4,3,3,1578.0,5,1,1602,3,4,1,2,3.0,3,3,3.0,48,3,3,3.0,40,0,0,0,0,0,0,0,0,0,0,0,0,0,0,0,0,0,1,0,1,0,0,0,0,0,0,0,0,0,1,0,0,0,1,0,0,0,0,0,Alto,293200
92.0,12003,8,5,84.0,4,3,5,3,1,774.0,5,1,1968,4,5,1,3,3.0,3,3,2.5,75,1,0,1.0,40,0,0,0,0,1,0,0,0,0,0,0,0,0,0,0,0,0,1,0,0,0,0,1,0,0,0,0,0,0,1,0,0,0,0,0,1,0,0,0,Alto,269500
60.0,8118,9,5,178.0,5,3,5,3,4,1710.0,5,1,1710,2,5,1,2,2.0,3,3,3.0,204,3,3,3.0,45,0,0,0,0,0,0,0,0,0,0,1,0,0,0,0,0,0,1,0,1,0,0,0,0,0,0,0,0,0,1,0,0,0,1,0,0,0,0,0,Alto,334000
51.0,6120,4,7,0.0,3,3,3,3,1,884.0,5,1,1573,3,4,0,1,1.0,3,3,1.0,54,75,15,75.0,28,0,0,0,1,0,0,0,0,0,0,0,0,0,0,0,0,1,0,0,0,0,0,0,0,0,1,0,0,0,0,0,0,0,0,0,0,0,1,0,Baixo,133000
73.0,9855,6,5,0.0,3,3,3,3,1,1436.0,2,1,1689,3,3,1,1,2.0,3,3,1.0,0,54,54,54.0,30,0,0,0,0,0,0,0,0,0,0,0,0,0,0,0,0,0,1,0,1,0,0,0,0,0,1,0,0,1,0,0,0,0,1,0,0,0,0,0,Baixo,127500
70.0,9337,7,5,0.0,3,3,4,3,1,878.0,5,1,1692,3,3,1,2,2.0,3,3,2.5,39,13,12,13.0,35,0,0,0,0,1,0,0,0,0,0,0,0,0,0,0,0,0,1,0,0,0,0,1,0,0,1,0,0,0,1,0,0,0,1,0,0,0,0,0,Alto,191000
84.0,10728,8,5,0.0,4,3,4,3,2,1095.0,4,1,1939,3,4,1,2,3.0,3,3,2.5,243,4,4,4.0,40,0,0,0,0,1,0,0,0,0,0,0,0,0,0,0,0,0,0,0,0,0,0,1,0,0,1,0,0,0,1,0,0,0,1,0,0,0,0,0,Alto,266000
92.5,12568,8,5,246.0,4,3,5,3,3,895.0,5,1,1818,3,5,1,3,3.0,3,3,3.5,300,3,3,3.0,40,0,0,0,0,1,0,0,0,0,0,0,0,0,0,0,0,0,1,0,0,0,0,1,0,0,0,0,1,0,1,0,0,0,1,0,0,0,0,0,Alto,281500
63.0,7750,7,5,0.0,3,3,4,3,1,384.0,5,1,1430,3,3,1,3,2.0,3,3,2.5,180,10,10,10.0,35,0,0,0,0,0,0,0,1,0,0,0,0,0,0,0,0,0,1,0,0,0,0,0,0,1,1,0,0,0,1,0,0,0,0,0,1,0,0,0,Médio,180000
32.0,3363,7,5,117.0,4,3,4,3,1,976.0,5,1,1708,3,4,0,1,2.0,3,3,2.0,40,6,6,6.0,35,0,0,0,0,0,0,0,0,0,0,0,1,0,0,0,0,1,0,0,0,0,0,1,0,0,0,0,1,0,1,0,0,0,0,0,0,0,1,0,Baixo,130000
60.0,10950,5,7,0.0,3,3,3,3,1,864.0,3,1,1064,2,2,0,1,1.0,3,3,1.5,0,58,58,58.0,35,0,0,0,0,0,0,0,0,0,0,0,0,0,0,0,0,0,1,0,1,0,0,0,0,0,1,0,0,1,0,0,0,0,0,0,0,0,1,0,Médio,135000
24.0,4928,6,6,0.0,3,3,4,3,1,958.0,3,1,958,2,3,0,2,2.0,3,3,2.0,60,34,34,34.0,36,0,0,0,0,0,0,0,0,0,0,1,0,0,0,0,0,0,1,0,1,0,0,0,0,0,1,0,0,1,0,0,0,0,1,0,0,0,0,0,Médio,143750
75.0,13710,5,5,0.0,3,3,3,3,1,910.0,3,1,1558,4,3,0,1,1.0,3,3,1.5,289,60,60,60.0,25,0,0,0,1,0,0,0,0,0,0,0,0,0,0,0,0,1,0,0,0,0,0,0,0,0,1,0,0,1,0,0,0,0,1,0,0,0,0,0,Baixo,152000
60.0,15384,7,5,0.0,4,3,4,3,3,788.0,5,1,1490,3,4,1,3,2.0,3,3,3.5,175,6,5,6.0,35,0,0,0,0,1,0,0,0,0,0,0,0,0,0,0,0,0,1,0,0,0,0,1,0,0,1,0,0,0,1,0,0,0,1,0,0,0,0,0,Médio,184000
100.0,14836,10,5,730.0,5,3,5,3,4,2492.0,5,1,2492,2,5,1,3,3.0,3,3,3.5,461,6,5,6.0,50,0,0,0,0,0,0,0,0,0,0,0,0,0,0,0,0,0,1,0,1,0,0,0,0,0,0,0,1,0,1,0,0,0,1,0,0,0,0,0,Alto,552000
72.0,7226,7,5,0.0,4,3,4,3,1,798.0,5,1,1640,3,4,0,2,2.0,3,3,2.5,45,7,7,7.0,35,0,0,0,0,1,0,0,0,0,0,0,0,0,0,0,0,0,1,0,0,0,0,1,0,0,1,0,0,0,1,0,0,0,1,0,0,0,0,0,Alto,183000
72.0,9720,5,7,51.0,3,3,3,5,3,995.0,3,1,1009,3,3,1,1,2.0,3,3,2.0,0,33,33,33.0,35,0,0,0,0,0,0,0,1,0,0,0,0,0,0,0,0,0,1,0,0,0,0,0,0,1,0,0,0,1,0,0,0,0,0,0,0,0,1,0,Alto,160000
69.0,9337,6,5,0.0,3,4,4,3,1,824.0,5,1,1786,3,4,0,2,2.0,3,3,3.5,162,13,13,13.0,30,0,0,0,0,1,0,0,0,0,0,0,0,0,0,0,0,0,1,0,0,0,0,1,0,0,1,0,0,0,1,0,0,0,1,0,0,0,0,0,Alto,204750
30.0,3000,6,5,76.0,4,3,4,3,3,612.0,5,1,1224,2,4,0,2,2.0,3,3,2.5,234,1,1,1.0,30,0,0,0,0,0,0,0,0,0,0,0,1,0,0,0,0,0,0,0,0,0,0,1,0,0,0,0,1,0,1,0,0,0,0,0,0,0,1,0,Alto,173733
41.0,6289,6,5,256.0,4,3,4,3,3,1362.0,5,1,1362,2,4,1,2,2.0,3,3,3.0,220,5,4,5.0,30,0,0,0,0,0,0,0,0,0,0,1,0,0,0,0,0,0,1,0,1,0,0,0,0,0,0,0,1,0,1,0,0,0,1,0,0,0,0,0,Alto,207000
67.0,8777,5,7,0.0,3,3,3,3,1,1272.0,4,1,2200,4,3,0,0,0.0,0,0,5.0,70,110,7,110.0,35,0,0,0,0,0,0,0,0,0,1,0,0,0,0,0,0,0,1,0,0,0,0,0,0,0,1,0,0,1,0,0,0,0,0,0,0,0,0,1,Baixo,145900
24.0,2522,6,5,50.0,4,3,4,3,1,970.0,5,1,1709,3,4,0,1,2.0,3,3,2.0,40,6,4,6.0,30,0,0,0,0,0,0,0,0,0,0,0,1,0,0,0,0,1,0,0,0,0,0,1,0,0,0,0,1,0,1,0,0,0,0,0,0,0,1,0,Baixo,130000
70.0,8750,7,5,0.0,4,4,4,3,1,915.0,5,1,1908,4,4,1,1,2.0,3,3,3.5,277,16,15,16.0,35,0,0,0,0,1,0,0,0,0,0,0,0,0,0,0,0,0,1,0,0,0,0,1,0,0,1,0,0,0,1,0,0,0,1,0,0,0,0,0,Alto,210000
85.0,10625,7,5,0.0,4,3,4,3,1,1652.0,5,1,1662,3,5,1,2,3.0,3,3,3.0,288,4,3,4.0,35,0,0,0,0,0,0,0,0,0,0,0,0,0,0,0,0,0,0,0,1,0,0,0,0,0,1,0,0,0,1,0,0,0,1,0,0,0,0,0,Alto,291000
77.0,9965,8,5,340.0,4,3,5,3,4,1466.0,5,1,2828,4,4,1,2,3.0,3,3,4.0,269,4,3,4.0,40,0,0,0,0,1,0,0,0,0,0,0,0,0,0,0,0,0,1,0,0,0,0,1,0,0,0,0,1,0,1,0,0,0,0,0,1,0,0,0,Alto,424870
52.0,6292,7,7,0.0,3,3,3,3,1,861.0,4,1,1477,3,3,1,1,1.0,3,3,2.5,50,82,60,82.0,49,0,0,0,1,0,0,0,0,0,0,0,0,0,0,0,0,0,1,0,0,0,0,0,0,0,1,0,0,0,0,0,0,0,0,0,0,0,1,0,Médio,145000
50.0,8635,5,5,0.0,3,2,3,3,1,1072.0,3,1,1072,2,3,0,1,5.0,2,3,2.0,105,85,60,28.0,25,1,0,0,0,0,0,0,0,0,0,0,0,0,0,0,0,1,0,0,1,0,0,0,0,0,1,0,0,0,0,0,0,0,0,0,0,0,1,0,Baixo,126500
68.0,8298,8,5,0.0,4,3,4,3,3,1546.0,5,1,1564,2,5,1,2,2.0,3,3,2.0,132,4,3,3.0,40,0,0,0,0,0,0,0,0,0,0,0,0,0,0,0,0,0,1,0,1,0,0,0,0,0,1,0,0,0,1,0,0,0,1,0,0,0,0,0,Alto,267300
95.0,11345,5,5,567.0,3,3,3,3,1,928.0,4,1,1920,4,3,0,1,2.0,3,2,2.0,0,62,60,62.0,25,0,0,0,0,0,0,0,0,0,1,0,0,0,0,0,0,0,1,0,0,0,0,1,0,0,0,0,1,1,0,0,0,0,0,0,0,0,1,0,Médio,137000
96.0,12456,10,5,230.0,5,3,5,3,4,1700.0,5,1,1718,3,5,1,3,3.0,3,3,3.0,264,4,3,2.0,50,0,0,0,0,0,0,0,0,0,0,0,0,0,0,0,0,0,1,0,1,0,0,0,0,0,0,0,1,0,1,0,0,0,1,0,0,0,0,0,Alto,337500
70.0,8810,7,5,0.0,4,3,4,3,1,1390.0,5,1,1390,3,4,0,2,2.0,3,3,3.0,68,7,7,7.0,35,0,0,0,0,0,0,0,0,0,0,0,0,0,0,0,0,0,1,0,1,0,0,0,0,0,1,0,0,0,1,0,0,0,1,0,0,0,0,0,Alto,207000
53.0,4043,6,5,0.0,3,3,4,3,1,1069.0,3,1,1069,2,3,1,2,2.0,3,3,2.0,55,33,33,33.0,30,0,0,0,0,0,0,0,0,0,0,1,0,0,0,0,0,0,1,0,1,0,0,0,0,0,1,0,0,1,0,0,0,0,1,0,0,0,0,0,Médio,127500
70.0,8685,7,5,0.0,3,3,4,3,2,1425.0,5,1,1425,3,3,0,2,2.0,3,3,3.0,130,12,12,12.0,35,0,0,0,0,0,0,0,0,0,0,0,0,0,0,0,0,0,1,0,1,0,0,0,0,0,1,0,0,0,1,0,0,0,1,0,0,0,0,0,Alto,193000
35.0,3907,8,6,0.0,4,3,4,3,4,982.0,4,1,1034,1,4,1,3,2.0,3,3,2.0,177,21,21,21.0,48,0,0,0,0,0,0,0,0,0,0,1,0,0,0,0,0,1,0,0,1,0,0,0,0,0,1,0,0,1,0,0,0,0,1,0,0,0,0,0,Baixo,185000
86.0,11194,8,5,240.0,4,3,4,3,2,1696.0,5,1,1696,3,4,0,2,3.0,3,3,2.0,176,2,2,2.0,40,0,0,0,0,0,0,0,0,0,0,0,0,0,0,0,0,0,1,0,1,0,0,0,0,0,0,0,1,0,1,0,0,0,1,0,0,0,0,0,Alto,275000
70.0,12760,6,5,0.0,3,3,3,3,1,1958.0,3,1,2048,5,3,0,1,2.0,3,3,3.0,0,34,34,34.0,30,0,0,0,0,0,0,0,0,0,1,0,0,0,0,0,0,0,1,0,1,0,0,0,0,0,1,0,0,1,0,0,0,0,0,0,0,0,0,0,Médio,170000
80.0,24090,7,7,0.0,3,4,3,3,2,1032.0,5,1,2403,4,3,2,1,1.0,3,3,2.0,374,70,60,70.0,49,0,0,0,0,0,1,0,0,0,0,0,0,0,0,0,0,0,1,0,0,0,0,1,0,0,1,0,0,1,0,0,0,0,1,0,0,0,0,0,Alto,244400
140.0,11080,6,6,257.0,3,3,3,3,3,1128.0,3,1,1210,3,3,0,1,2.0,3,3,3.0,0,35,35,35.0,36,0,0,0,0,0,0,0,1,0,0,0,0,0,0,0,0,0,1,0,0,0,0,0,0,1,0,0,0,1,0,0,0,0,1,0,0,0,0,0,Médio,148000
61.0,7658,9,5,412.0,5,3,5,3,1,1752.0,5,1,1752,2,5,1,2,2.0,3,3,3.0,278,5,5,5.0,45,0,0,0,0,0,0,0,0,0,0,1,0,0,0,0,0,0,1,0,1,0,0,0,0,0,0,0,0,0,1,0,0,0,1,0,0,0,0,0,Alto,319900
42.0,10385,6,6,123.0,3,3,3,4,3,995.0,3,1,1282,3,3,0,1,3.0,2,3,2.5,386,32,32,21.0,36,0,0,0,0,0,0,0,1,0,0,0,0,0,0,0,0,0,1,0,0,0,0,0,0,1,0,0,0,1,0,0,0,0,0,0,0,0,1,0,Alto,174000
63.0,7627,4,6,0.0,2,3,2,1,1,600.0,4,0,1701,4,2,0,0,0.0,0,0,2.0,148,90,60,90.0,24,0,0,0,0,0,0,0,0,0,0,0,0,0,1,0,0,1,0,0,0,0,0,1,0,0,1,0,0,0,0,0,0,0,0,0,0,0,0,1,Baixo,94550
57.0,8050,5,8,0.0,3,4,0,0,0,0.0,4,1,1137,4,3,0,0,0.0,0,0,1.5,0,63,17,63.0,40,0,0,0,1,0,0,0,0,0,0,0,0,0,0,0,0,0,1,0,0,0,0,0,0,0,1,0,0,0,0,1,0,0,0,0,0,0,0,1,Baixo,96000
66.0,3960,7,8,0.0,3,3,3,3,1,502.0,3,0,1004,2,4,1,1,1.0,2,3,1.0,348,80,60,80.0,56,0,0,0,0,0,1,0,0,0,0,0,0,0,0,0,0,1,0,0,0,0,0,1,0,0,1,0,0,0,0,0,0,0,0,0,0,0,1,0,Baixo,105000
85.0,14082,8,5,945.0,4,3,5,4,4,2220.0,5,1,2234,1,4,1,2,2.0,3,3,2.5,470,4,4,4.0,40,0,0,0,0,0,0,0,0,0,0,0,0,0,0,0,0,0,1,0,1,0,0,0,0,0,0,0,0,0,1,0,0,0,1,0,0,0,0,0,Alto,441929
85.0,11949,7,8,196.0,4,4,4,3,1,975.0,5,1,1755,3,4,1,1,2.0,3,3,3.0,562,19,2,19.0,56,0,0,0,0,1,0,0,0,0,0,0,0,0,0,0,0,0,1,0,0,0,0,1,0,0,0,0,0,0,1,0,0,0,1,0,0,0,0,0,Alto,235000
92.0,15922,9,5,550.0,4,3,5,3,3,1390.0,5,1,2795,4,5,1,3,3.0,3,3,3.5,374,5,4,5.0,45,0,0,0,0,1,0,0,0,0,0,0,0,0,0,0,0,0,1,0,0,0,0,1,0,0,0,0,0,0,1,0,0,0,0,0,1,0,0,0,Alto,401179
94.0,25286,4,5,0.0,3,3,3,3,4,1064.0,4,1,1040,3,3,0,1,2.0,3,3,2.0,0,47,47,47.0,20,0,0,0,0,0,0,0,0,0,0,0,0,0,0,0,0,0,1,0,1,0,0,0,0,0,1,0,0,0,1,0,0,0,1,0,0,0,0,0,Médio,132250
22.0,11064,8,5,0.0,4,3,4,3,4,1230.0,5,1,1239,1,4,1,3,2.0,3,3,2.5,196,15,15,15.0,40,0,0,0,0,0,0,0,0,0,0,1,0,0,0,0,0,0,1,0,1,0,0,0,0,0,1,0,0,0,1,0,0,0,1,0,0,0,0,0,Alto,217500
60.0,10800,4,7,0.0,3,3,0,0,0,0.0,3,0,1294,3,3,0,0,0.0,0,0,2.0,544,110,10,110.0,28,0,0,0,0,0,0,0,0,0,0,0,0,0,1,0,0,0,1,0,0,0,0,1,0,0,1,0,0,0,0,0,0,0,0,0,0,0,0,1,Baixo,106250
60.0,5400,7,6,0.0,4,3,3,3,1,931.0,3,1,1027,2,4,1,0,0.0,0,0,1.5,28,90,4,90.0,42,1,0,0,0,0,0,0,0,0,0,0,0,0,0,0,0,1,0,0,1,0,0,0,0,0,1,0,0,1,0,0,0,0,0,0,0,0,0,1,Baixo,120000
49.0,8235,5,7,0.0,3,4,3,3,1,825.0,3,1,825,2,3,0,2,2.0,3,3,2.0,190,55,15,47.0,35,0,0,0,0,0,0,0,0,0,0,0,0,0,0,0,0,1,0,0,1,0,0,0,0,0,1,0,0,1,0,0,0,0,0,0,0,0,1,0,Baixo,125000
75.0,7500,5,5,0.0,3,3,3,3,1,1040.0,2,1,1040,3,3,0,3,1.0,3,3,2.5,220,47,47,47.0,25,0,0,0,0,0,0,0,0,0,0,0,0,0,0,0,0,0,1,0,1,0,0,0,0,0,1,0,0,1,0,0,0,0,1,0,0,0,0,0,Baixo,133000
83.0,10420,6,5,0.0,3,3,4,3,2,1212.0,5,1,1212,3,4,0,2,2.0,3,3,2.0,122,1,1,1.0,30,0,0,0,0,0,0,0,0,0,0,0,0,0,0,0,0,0,1,0,1,0,0,0,0,0,1,0,0,0,1,0,0,0,1,0,0,0,0,0,Baixo,186000
50.0,5000,3,3,0.0,2,2,2,2,1,666.0,2,0,666,2,4,0,0,0.0,0,0,1.5,52,64,60,64.0,9,0,0,0,0,0,0,0,0,0,0,0,0,0,0,0,0,0,1,0,1,0,0,0,0,0,1,0,0,1,0,0,0,0,0,0,0,0,0,1,Baixo,64500
80.0,9600,7,5,168.0,3,3,3,3,1,1164.0,3,1,1164,3,3,0,1,2.0,3,3,1.5,0,41,41,41.0,35,0,0,0,0,0,0,0,0,0,0,0,0,0,0,0,0,0,1,0,1,0,0,0,0,0,0,0,0,1,0,0,0,0,1,0,0,0,0,0,Médio,140000
85.0,11475,6,6,0.0,3,3,4,3,1,713.0,3,1,1552,3,3,1,2,2.0,3,3,3.5,417,35,35,35.0,36,0,0,0,0,1,0,0,0,0,0,0,0,0,0,0,0,0,1,0,0,0,0,1,0,0,1,0,0,1,0,0,0,0,1,0,0,0,0,0,Médio,179900
112.0,10859,5,5,0.0,3,3,4,3,1,1097.0,5,1,1097,3,3,0,1,2.0,3,3,1.5,456,16,15,15.0,25,0,0,0,0,0,0,0,0,0,0,0,0,0,0,0,0,0,1,0,1,0,0,0,0,0,1,0,0,0,1,0,0,0,1,0,0,0,0,0,Alto,145000
70.0,9842,4,5,0.0,3,3,0,0,0,0.0,3,1,1224,2,3,0,1,2.0,3,3,2.0,0,48,48,48.0,20,0,0,0,0,0,0,0,0,0,1,0,0,0,0,0,0,0,1,0,1,0,0,0,0,0,1,0,0,0,0,1,0,0,0,0,0,1,0,0,Médio,101800
83.0,13383,5,5,176.0,3,3,3,3,1,1188.0,5,1,1404,3,3,1,1,2.0,3,3,2.0,16,41,10,41.0,25,0,0,0,0,0,0,0,0,0,0,0,0,0,0,0,0,0,1,0,1,0,0,0,0,0,0,0,0,1,0,0,0,0,1,0,0,0,0,0,Médio,160000
70.0,8885,5,5,0.0,3,3,4,3,3,864.0,3,1,902,2,3,0,1,2.0,3,3,2.0,164,27,27,27.0,25,0,0,0,0,0,0,0,0,0,0,0,0,0,0,0,0,0,1,0,1,0,0,0,0,0,1,0,0,1,0,0,0,0,1,0,0,0,0,0,Médio,131000
120.0,18000,3,4,0.0,2,3,3,3,1,894.0,3,1,894,2,3,0,2,3.0,3,3,1.0,20,75,60,16.0,12,1,0,0,0,0,0,0,0,0,0,0,0,0,0,0,0,1,0,0,1,0,0,0,0,0,1,0,0,1,0,0,0,0,0,0,0,0,1,0,Baixo,81000
52.0,6240,4,5,0.0,3,3,3,3,1,780.0,3,1,1208,2,3,0,1,2.0,3,3,1.0,135,85,60,48.0,20,1,0,0,0,0,0,0,0,0,0,0,0,0,0,0,0,1,0,0,0,0,0,0,0,0,1,0,0,1,0,0,0,0,0,0,0,0,1,0,Baixo,103000
50.0,4882,4,7,0.0,3,3,3,3,1,348.0,3,1,906,2,3,0,1,1.0,2,3,1.0,0,73,60,73.0,28,0,0,0,0,0,1,0,0,0,0,0,0,0,0,0,0,0,1,0,0,0,0,1,0,0,1,0,0,0,1,0,0,0,0,1,0,0,0,0,Baixo,87000
65.0,10020,1,1,0.0,2,2,2,1,4,683.0,4,0,904,1,2,0,0,0.0,0,0,1.5,0,88,60,88.0,1,1,0,0,0,0,0,0,0,0,0,0,0,0,0,0,0,0,1,0,1,0,0,0,0,0,1,0,0,0,0,0,0,0,0,0,0,0,0,1,Baixo,61000
50.0,9000,6,6,0.0,3,4,3,3,1,780.0,3,1,1375,3,4,1,1,1.0,3,3,1.5,162,73,60,31.0,36,0,0,0,1,0,0,0,0,0,0,0,0,0,0,0,0,1,0,0,0,0,0,0,0,0,1,0,0,0,1,0,0,0,0,0,0,0,1,0,Baixo,141000
75.0,9750,6,6,243.0,3,3,3,3,1,1442.0,4,1,1442,4,3,0,2,1.0,3,3,1.5,275,52,52,52.0,36,0,0,0,0,0,0,0,0,0,0,0,0,0,0,0,0,0,1,0,1,0,0,0,0,0,0,0,0,1,0,0,0,0,1,0,0,0,0,0,Médio,157900
85.0,11447,8,5,674.0,4,3,5,3,3,1964.0,5,1,1964,3,4,1,3,3.0,3,3,3.5,265,5,4,5.0,40,0,0,0,0,0,0,0,0,0,0,0,0,0,0,0,0,0,1,0,1,0,0,0,0,0,0,0,0,0,1,0,0,0,1,0,0,0,0,0,Alto,370000
50.0,5633,5,7,0.0,3,3,3,2,1,844.0,3,1,844,2,3,0,1,1.0,3,3,1.0,254,85,60,85.0,35,1,0,0,0,0,0,0,0,0,0,0,0,0,0,0,0,1,0,0,1,0,0,0,0,0,1,0,0,0,0,0,0,0,0,0,0,0,1,0,Baixo,111500
92.0,11932,8,5,186.0,4,3,4,3,1,1580.0,5,1,1580,3,4,0,2,3.0,3,3,2.0,24,3,2,2.0,40,0,0,0,0,0,0,0,0,0,0,0,0,0,0,0,0,0,1,0,1,0,0,0,0,0,0,0,1,0,1,0,0,0,1,0,0,0,0,0,Alto,235128
65.0,17140,4,6,0.0,3,3,3,3,1,1134.0,5,1,1229,3,3,0,2,1.0,3,3,1.0,0,54,54,54.0,24,0,0,0,0,0,0,0,0,0,0,0,0,0,0,0,0,0,1,0,1,0,0,0,0,0,1,0,0,1,0,0,0,0,1,0,0,0,0,0,Baixo,135000
69.0,9142,5,5,0.0,3,2,2,3,1,797.0,3,0,1627,4,3,0,1,2.0,2,1,2.0,252,110,4,60.0,25,0,0,0,0,0,0,0,0,0,0,0,0,0,1,0,0,1,0,0,0,0,0,1,0,0,1,0,0,0,0,0,0,0,0,0,0,0,1,0,Baixo,139500
123.0,47007,5,7,0.0,3,3,0,0,0,0.0,3,1,3820,5,5,2,1,2.0,3,3,3.5,372,51,14,51.0,35,0,0,0,0,0,0,0,0,0,0,0,0,0,0,0,0,0,1,0,1,0,0,0,0,0,1,0,0,0,0,1,0,0,1,0,0,0,0,0,Baixo,284700
60.0,10800,4,7,0.0,3,3,3,3,1,832.0,3,1,1461,4,3,0,1,1.0,3,3,2.0,204,61,14,61.0,28,0,0,0,1,0,0,0,0,0,0,0,0,0,0,0,0,0,1,0,0,0,0,0,0,0,1,0,0,1,0,0,0,0,0,0,0,0,1,0,Médio,133500
53.0,8128,6,7,80.0,3,3,3,3,1,1062.0,4,1,1062,3,3,0,1,1.0,3,3,2.0,0,56,56,56.0,42,0,0,0,0,0,0,0,0,0,0,0,0,0,0,0,0,0,1,0,1,0,0,0,0,0,0,0,0,1,0,0,0,0,1,0,0,0,0,0,Médio,131000
48.0,6240,8,5,176.0,4,3,4,3,1,1324.0,5,1,1324,2,4,1,3,2.0,3,3,3.0,230,4,4,4.0,40,0,0,0,0,0,0,0,0,0,0,1,0,0,0,0,0,0,1,0,1,0,0,0,0,0,0,0,0,0,1,0,0,0,1,0,0,0,0,0,Alto,254000
72.0,10899,4,5,0.0,3,3,0,0,0,0.0,3,0,1224,2,3,0,1,3.0,3,3,2.0,0,46,46,46.0,20,0,0,0,0,0,0,0,0,0,1,0,0,0,0,0,0,0,1,0,1,0,0,0,0,0,1,0,0,0,0,1,0,0,0,0,0,1,0,0,Médio,103000
90.0,12378,9,5,0.0,4,3,5,3,4,1896.0,5,1,1944,3,5,3,3,3.0,3,3,3.0,383,7,6,7.0,45,0,0,0,0,0,0,0,0,0,0,0,0,0,0,0,0,0,1,0,1,0,0,0,0,0,1,0,0,0,1,0,0,0,1,0,0,0,0,0,Alto,360000
102.0,11660,6,5,0.0,4,3,4,3,3,1326.0,5,1,1326,3,4,0,3,2.0,3,3,2.0,100,4,4,4.0,30,0,0,0,0,0,0,0,0,0,0,0,0,0,0,0,0,0,1,0,1,0,0,0,0,0,1,0,0,0,1,0,0,0,1,0,0,0,0,0,Médio,174190
75.0,9910,7,6,0.0,4,3,4,3,1,1369.0,5,1,1369,3,4,0,1,2.0,3,3,2.0,203,3,3,3.0,42,0,0,0,0,0,0,0,0,0,0,0,0,0,0,0,0,0,1,0,1,0,0,0,0,0,1,0,0,0,1,0,0,0,1,0,0,0,0,0,Alto,213133
87.0,10367,9,5,284.0,5,3,5,3,2,1739.0,5,1,1743,3,5,1,2,3.0,3,3,3.0,213,2,2,2.0,45,0,0,0,0,0,0,0,0,0,0,0,0,0,0,0,0,0,1,0,1,0,0,0,0,0,0,0,1,0,1,0,0,0,1,0,0,0,0,0,Alto,335000
78.0,10140,6,6,99.0,3,3,3,3,1,1040.0,2,1,1309,3,4,1,2,2.0,3,3,2.5,265,36,11,36.0,36,0,0,0,0,0,0,0,0,0,0,0,0,0,0,0,0,0,1,0,1,0,0,0,0,0,0,0,0,1,0,0,0,0,1,0,0,0,0,0,Médio,181000
74.0,12395,5,6,0.0,3,3,3,3,1,864.0,3,1,889,3,3,0,1,2.0,3,3,1.0,0,26,26,26.0,30,0,0,0,0,0,0,0,0,0,0,0,0,0,0,0,0,0,1,0,1,0,0,0,0,0,1,0,0,1,0,0,0,0,1,0,0,0,0,0,Médio,137500
71.0,9254,8,5,210.0,4,3,4,3,1,1721.0,5,1,1721,3,4,0,2,2.0,3,3,3.0,195,5,5,5.0,40,0,0,0,0,0,0,0,0,0,0,0,0,0,0,0,0,0,1,0,1,0,0,0,0,0,0,0,0,0,1,0,0,0,1,0,0,0,0,0,Alto,232698
44.0,12864,7,5,0.0,4,3,4,3,1,1409.0,5,1,1409,1,4,1,2,2.0,3,3,2.5,144,8,8,8.0,35,0,0,0,0,0,0,0,0,0,0,0,0,0,0,0,0,0,1,0,1,0,0,0,0,0,1,0,0,0,1,0,0,0,1,0,0,0,0,0,Médio,245000
88.0,7990,5,6,0.0,3,3,4,3,1,924.0,3,1,924,3,3,0,1,1.0,3,3,1.0,0,35,35,29.0,30,0,0,0,0,0,0,0,0,0,0,0,0,0,0,0,0,0,1,0,1,0,0,0,0,0,1,0,0,1,0,0,0,0,0,0,0,0,1,0,Alto,110000
21.0,1680,6,5,297.0,3,3,3,3,1,483.0,3,1,987,2,3,1,1,1.0,3,3,1.5,0,38,38,38.0,30,0,0,0,0,0,0,0,0,0,0,0,1,0,0,0,0,1,0,0,0,0,0,1,0,0,0,0,0,1,0,0,0,0,1,0,0,0,0,0,Baixo,94500
65.0,8773,7,5,98.0,4,3,4,3,3,1414.0,5,1,1414,3,4,0,2,2.0,3,3,2.0,237,6,6,6.0,35,0,0,0,0,0,0,0,0,0,0,0,0,0,0,0,0,0,1,0,1,0,0,0,0,0,0,0,0,0,1,0,0,0,1,0,0,0,0,0,Alto,185500
50.0,8765,4,6,0.0,3,3,3,3,1,951.0,5,0,951,2,3,0,1,1.0,3,3,1.0,28,74,60,74.0,24,1,0,0,0,0,0,0,0,0,0,0,0,0,0,0,0,1,0,0,1,0,0,0,0,0,1,0,0,0,0,0,0,0,0,0,0,0,1,0,Baixo,106500
80.0,14311,8,5,402.0,4,3,4,3,1,1236.0,5,1,2340,4,4,1,2,3.0,3,3,3.5,590,14,14,14.0,40,0,0,0,0,1,0,0,0,0,0,0,0,0,0,0,0,0,1,0,0,0,0,1,0,0,0,0,0,0,1,0,0,0,1,0,0,0,0,0,Médio,306000
41.0,4923,8,5,0.0,4,3,5,3,3,1593.0,5,1,1593,0,5,1,3,2.0,3,3,2.5,120,9,8,9.0,40,0,0,0,0,0,0,0,0,0,0,1,0,0,0,0,0,0,1,0,1,0,0,0,0,0,1,0,0,0,1,0,0,0,1,0,0,0,0,0,Alto,286000
80.0,16659,7,7,34.0,3,3,3,3,1,795.0,2,1,2263,3,4,1,3,2.0,3,3,3.5,250,33,16,33.0,49,0,0,0,0,1,0,0,0,0,0,0,0,0,0,0,0,0,1,0,0,0,0,1,0,0,0,0,0,1,0,0,0,0,1,0,0,0,0,0,Médio,235000
63.0,8402,6,5,0.0,3,3,4,3,1,789.0,4,1,1465,3,3,1,3,2.0,3,3,2.5,75,12,12,12.0,30,0,0,0,0,1,0,0,0,0,0,0,0,0,0,0,0,0,1,0,0,0,0,1,0,0,1,0,0,0,1,0,0,0,1,0,0,0,0,0,Médio,180400
85.0,11050,6,5,0.0,3,3,3,3,1,1740.0,2,1,1740,4,3,1,2,2.0,3,3,1.5,25,42,42,42.0,30,0,0,0,0,0,0,0,0,0,0,0,0,0,0,0,0,0,1,0,1,0,0,0,0,0,1,0,0,1,0,0,0,0,1,0,0,0,0,0,Médio,150000
75.0,7500,5,7,0.0,3,3,3,3,1,1246.0,5,1,1246,3,4,0,2,1.0,3,3,2.5,218,51,16,51.0,35,0,0,0,0,0,0,0,0,0,0,0,0,0,0,0,0,0,1,0,1,0,0,0,0,0,1,0,0,1,0,0,0,0,1,0,0,0,0,0,Médio,154000
63.0,8965,7,5,0.0,4,3,4,3,1,782.0,5,1,1489,3,4,1,3,2.0,3,3,3.5,75,7,7,7.0,35,0,0,0,0,1,0,0,0,0,0,0,0,0,0,0,0,0,1,0,0,0,0,1,0,0,1,0,0,0,1,0,0,0,1,0,0,0,0,0,Médio,192000
43.0,10667,7,6,0.0,4,3,4,3,3,799.0,5,1,1661,3,4,1,2,2.0,3,3,3.5,219,14,14,14.0,42,0,0,0,0,1,0,0,0,0,0,0,0,0,0,0,0,0,1,0,0,0,0,1,0,0,1,0,0,0,1,0,0,0,1,0,0,0,0,0,Alto,212000
60.0,10320,5,6,0.0,3,2,3,2,1,880.0,4,1,1308,2,3,0,1,2.0,2,2,2.0,117,95,32,60.0,30,0,0,0,1,0,0,0,0,0,0,0,0,0,0,0,0,1,0,0,0,0,0,0,0,0,1,0,0,0,0,0,0,0,0,0,0,0,1,0,Baixo,120000
63.0,8577,7,5,0.0,4,3,4,3,1,847.0,5,1,1733,3,4,1,3,2.0,3,3,2.5,192,6,6,6.0,35,0,0,0,0,1,0,0,0,0,0,0,0,0,0,0,0,0,1,0,0,0,0,1,0,0,1,0,0,0,1,0,0,0,0,0,1,0,0,0,Médio,185088
91.0,12274,7,5,256.0,4,3,4,3,1,1417.0,5,1,1428,3,5,0,2,2.0,3,3,2.0,60,2,2,2.0,35,0,0,0,0,0,0,0,0,0,0,0,0,0,0,0,0,0,1,0,1,0,0,0,0,0,0,0,1,0,1,0,0,0,1,0,0,0,0,0,Alto,227680
85.0,19645,7,6,44.0,3,3,4,3,1,423.0,5,1,1652,3,4,0,2,2.0,3,3,3.5,0,16,3,16.0,42,0,0,0,0,0,0,0,1,0,0,0,0,0,0,0,0,0,1,0,0,0,0,0,0,1,0,0,0,0,1,0,0,0,0,0,1,0,0,0,Médio,203135
73.0,9590,7,5,442.0,4,3,5,3,3,868.0,5,1,1146,3,4,1,3,2.0,3,3,3.0,182,7,7,7.0,35,0,0,0,0,0,0,0,1,0,0,0,0,0,0,0,0,0,1,0,0,0,0,0,0,1,0,0,0,0,1,0,0,0,1,0,0,0,0,0,Alto,187500
75.0,9803,7,5,0.0,4,3,4,3,1,866.0,4,1,1768,3,4,0,2,2.0,3,3,2.5,108,5,5,5.0,35,0,0,0,0,1,0,0,0,0,0,0,0,0,0,0,0,0,0,0,0,0,0,1,0,0,1,0,0,0,1,0,0,0,1,0,0,0,0,0,Alto,226700
70.0,8092,6,8,176.0,3,4,3,3,1,1050.0,5,1,1050,3,4,0,2,1.0,3,3,2.0,0,56,10,56.0,48,0,0,0,0,0,0,0,0,0,0,0,0,0,0,0,0,0,1,0,1,0,0,0,0,0,0,0,0,1,0,0,0,0,1,0,0,0,0,0,Médio,156000
103.0,12867,8,5,0.0,4,3,5,3,3,1209.0,5,1,2253,3,5,1,3,2.0,3,3,2.5,385,5,4,5.0,40,0,0,0,0,1,0,0,0,0,0,0,0,0,0,0,0,0,1,0,0,0,0,1,0,0,1,0,0,0,1,0,0,0,1,0,0,0,0,0,Alto,344133
72.0,10624,5,4,84.0,3,3,3,3,1,1728.0,3,1,1728,6,3,0,1,1.0,3,3,2.5,155,46,46,8.0,20,0,0,0,0,0,0,0,0,0,1,0,0,0,0,0,0,0,1,0,1,0,0,0,0,0,0,0,0,1,0,0,0,0,0,0,0,0,1,0,Médio,119000
62.0,7006,6,6,0.0,3,3,3,3,1,768.0,3,1,1236,3,3,1,1,1.0,3,3,3.0,0,85,60,25.0,36,0,0,0,1,0,0,0,0,0,0,0,0,0,0,0,0,1,0,0,0,0,0,0,0,0,1,0,0,0,1,0,0,0,0,0,0,0,1,0,Baixo,127000
63.0,25485,6,4,423.0,3,2,3,4,2,1560.0,3,1,1560,3,3,3,2,2.0,3,3,1.5,659,50,50,50.0,24,0,0,0,0,0,0,0,0,0,0,0,0,0,0,0,0,0,1,0,1,0,0,0,0,0,0,0,0,1,0,0,0,0,1,0,0,0,0,0,Médio,201000
104.0,13518,9,5,860.0,5,3,5,3,1,1926.0,5,1,3140,4,5,2,3,3.0,3,3,3.5,222,2,1,1.0,45,0,0,0,0,1,0,0,0,0,0,0,0,0,0,0,0,0,1,0,0,0,0,1,0,0,0,0,1,0,1,0,0,0,0,0,1,0,0,0,Alto,485000
125.0,14419,7,5,310.0,3,3,4,3,4,1645.0,5,1,1479,3,4,1,3,2.0,3,3,4.5,462,23,21,23.0,35,0,0,0,0,0,0,0,1,0,0,0,0,0,0,0,0,0,1,0,0,0,0,0,0,1,0,0,0,0,1,0,0,0,1,0,0,0,0,0,Alto,213500
70.0,11767,4,7,0.0,3,3,2,3,1,560.0,4,0,1346,2,3,0,1,1.0,2,3,1.5,192,100,10,60.0,28,0,0,0,1,0,0,0,0,0,0,0,0,0,0,0,0,0,1,0,0,0,0,1,0,0,1,0,0,1,0,0,0,0,0,0,0,0,1,0,Baixo,112000
75.0,10382,6,5,105.0,3,2,3,3,4,588.0,3,1,1095,2,3,0,2,1.0,3,3,2.0,0,52,52,52.0,30,0,0,0,0,0,0,0,0,0,0,0,0,0,1,0,0,0,1,0,0,0,0,0,0,1,0,0,0,1,0,0,0,0,1,0,0,0,0,0,Médio,140000
70.0,9286,5,7,0.0,3,3,4,4,3,1268.0,3,1,1268,3,4,0,1,1.0,3,3,1.5,173,33,21,32.0,35,0,0,0,0,0,0,0,0,0,0,0,0,0,0,0,0,0,1,0,1,0,0,0,0,0,1,0,0,1,0,0,0,0,0,0,0,0,1,0,Alto,143500
57.0,12853,8,5,0.0,4,3,5,1,1,1642.0,5,1,1418,1,4,1,2,3.0,3,3,2.5,352,0,0,0.0,40,0,0,0,0,0,0,0,0,0,0,0,0,0,0,0,0,0,0,0,1,0,0,0,0,0,1,0,0,0,1,0,0,0,1,0,0,0,0,0,Alto,267916
60.0,5400,5,6,0.0,3,3,2,3,1,691.0,5,1,691,2,5,0,1,1.0,2,3,1.0,114,90,60,90.0,30,1,0,0,0,0,0,0,0,0,0,0,0,0,0,0,0,0,1,0,1,0,0,0,0,0,1,0,0,0,0,0,0,0,0,0,0,0,1,0,Baixo,86000
70.0,9800,5,7,0.0,3,3,3,3,1,894.0,3,1,894,3,3,0,1,2.0,3,3,2.0,256,38,38,35.0,35,0,0,0,0,0,0,0,0,0,0,0,0,0,0,0,0,0,1,0,1,0,0,0,0,0,1,0,0,0,1,0,0,0,1,0,0,0,0,0,Alto,149900
75.0,10762,6,6,0.0,3,3,4,3,1,626.0,3,1,1217,3,3,1,2,1.0,3,3,1.5,28,30,30,30.0,36,0,0,0,0,0,0,0,0,0,0,0,1,0,0,0,0,0,1,0,0,0,0,1,0,0,1,0,0,1,0,0,0,0,1,0,0,0,0,0,Médio,120000
75.0,9375,8,5,768.0,4,3,5,3,1,1053.0,5,1,1992,3,4,1,2,2.0,3,3,2.5,185,7,6,7.0,40,0,0,0,0,1,0,0,0,0,0,0,0,0,0,0,0,0,0,0,0,0,0,1,0,0,0,0,0,0,1,0,0,0,1,0,0,0,0,0,Alto,250000
60.0,5400,5,5,0.0,3,3,3,3,1,864.0,3,1,864,3,3,0,1,1.0,3,3,1.5,0,52,52,52.0,25,0,0,0,0,0,0,0,0,0,0,0,0,0,0,0,0,0,1,0,1,0,0,0,0,0,1,0,0,1,0,0,0,0,1,0,0,0,0,0,Médio,118000
60.0,10284,4,7,0.0,3,3,3,3,2,1151.0,5,1,1281,1,3,0,1,2.0,3,3,3.0,0,85,17,32.0,28,0,0,0,1,0,0,0,0,0,0,0,0,0,0,0,0,0,1,0,0,0,0,0,0,0,1,0,0,1,0,0,0,0,0,0,0,0,1,0,Baixo,128500
63.0,20693,7,5,652.0,3,3,4,3,1,1696.0,5,1,1696,3,3,2,3,2.0,3,3,2.0,146,39,39,39.0,35,0,0,0,0,0,0,0,0,0,0,0,0,0,0,0,0,0,1,0,1,0,0,0,0,0,0,0,0,1,0,0,0,0,1,0,0,0,0,0,Médio,198000
50.0,6000,5,7,145.0,3,4,3,3,1,816.0,5,1,1566,5,4,0,1,2.0,3,3,1.5,320,86,60,34.0,35,0,0,0,1,0,0,0,0,0,0,0,0,0,0,0,0,1,0,0,0,0,0,0,0,0,0,0,0,0,1,0,0,0,0,0,0,0,1,0,Baixo,139000
121.0,17671,8,9,0.0,4,4,3,3,1,916.0,4,1,1742,4,4,1,1,2.0,3,3,1.5,169,128,24,85.0,72,0,0,0,0,0,1,0,0,0,0,0,0,0,0,0,0,1,0,0,0,0,0,1,0,0,1,0,0,0,0,0,0,0,1,0,0,0,0,0,Baixo,168000
50.0,6000,6,6,0.0,3,4,3,3,1,1103.0,4,1,1103,2,4,1,1,2.0,3,3,1.0,286,85,30,34.0,36,1,0,0,0,0,0,0,0,0,0,0,0,0,0,0,0,1,0,0,1,0,0,0,0,0,1,0,0,0,0,0,0,0,0,0,0,0,1,0,Baixo,110500
66.0,7399,7,5,1600.0,4,3,4,3,1,975.0,5,1,1950,3,4,1,2,2.0,3,3,2.5,10,13,12,13.0,35,0,0,0,0,1,0,0,0,0,0,0,0,0,0,0,0,0,0,0,0,0,0,1,0,0,0,0,0,0,1,0,0,0,0,0,0,0,1,0,Alto,239000
24.0,2280,6,6,0.0,3,3,4,3,1,855.0,3,1,1456,3,3,1,1,2.0,3,3,2.5,87,34,34,34.0,36,0,0,0,0,0,0,0,0,0,0,0,1,0,0,0,0,0,1,0,0,0,0,1,0,0,1,0,0,1,0,0,0,0,1,0,0,0,0,0,Médio,148500
65.0,10547,5,5,0.0,3,3,4,4,4,1152.0,3,1,1152,2,3,0,1,1.0,3,2,4.0,0,32,32,50.0,25,0,0,0,0,0,0,0,0,0,1,0,0,0,0,0,0,0,1,0,0,0,0,0,1,0,1,0,0,0,1,0,0,0,0,0,0,0,1,0,Baixo,159900
70.0,10552,5,5,0.0,3,3,3,3,1,1398.0,4,1,1700,4,4,1,2,2.0,3,3,2.0,38,51,51,51.0,25,0,0,0,0,0,0,0,0,0,0,0,0,0,0,0,0,0,1,0,1,0,0,0,0,0,1,0,0,1,0,0,0,0,1,0,0,0,0,0,Médio,165500
85.0,10625,7,5,0.0,4,3,4,3,1,1026.0,5,1,1958,3,4,1,3,3.0,3,3,2.5,364,5,5,5.0,35,0,0,0,0,1,0,0,0,0,0,0,0,0,0,0,0,0,0,0,0,0,0,1,0,0,1,0,0,0,1,0,0,0,1,0,0,0,0,0,Alto,250000
64.0,5587,8,5,186.0,5,3,5,3,4,1600.0,5,1,1652,2,4,1,3,2.0,3,3,3.5,215,2,2,2.0,40,0,0,0,0,0,0,0,0,0,0,1,0,0,0,0,0,1,0,0,1,0,0,0,0,0,0,0,1,0,1,0,0,0,1,0,0,0,0,0,Médio,392500
60.0,6402,5,5,0.0,3,3,3,3,2,596.0,3,0,1192,3,3,0,1,1.0,2,2,1.0,137,90,60,90.0,25,0,0,0,0,0,1,0,0,0,0,0,0,0,0,0,0,1,0,0,0,0,0,1,0,0,1,0,0,0,1,0,0,0,0,0,0,0,1,0,Baixo,78000
60.0,10800,5,6,0.0,3,3,3,3,1,1120.0,5,1,1130,2,3,1,1,2.0,3,3,2.0,229,90,60,40.0,30,1,0,0,0,0,0,0,0,0,0,0,0,0,0,0,0,0,1,0,1,0,0,0,0,0,1,0,0,0,0,0,0,0,0,0,0,0,1,0,Baixo,120000
68.0,7942,6,7,0.0,3,3,3,3,1,1040.0,3,1,1040,3,3,0,3,1.0,3,3,1.5,0,57,57,57.0,42,0,0,0,0,0,0,0,0,0,0,0,0,0,0,0,0,0,1,0,1,0,0,0,0,0,1,0,0,1,0,0,0,0,1,0,0,0,0,0,Médio,136000
60.0,7740,4,7,0.0,3,3,2,3,1,622.0,4,1,1363,3,3,0,1,2.0,3,3,1.0,0,100,60,44.0,28,0,0,0,0,0,1,0,0,0,0,0,0,0,0,0,0,1,0,0,0,0,0,1,0,0,1,0,0,1,0,0,0,0,0,0,0,0,1,0,Baixo,125500
100.0,12552,7,5,0.0,4,3,4,3,1,991.0,5,1,1947,3,4,1,2,2.0,3,3,2.5,136,6,5,6.0,35,0,0,0,0,1,0,0,0,0,0,0,0,0,0,0,0,0,0,0,0,0,0,1,0,0,1,0,0,0,1,0,0,0,1,0,0,0,0,0,Alto,254900
72.0,8750,5,6,76.0,3,3,3,3,1,1002.0,3,1,1002,3,3,0,1,2.0,3,3,2.0,0,40,40,37.0,30,0,0,0,0,0,0,0,0,0,0,0,0,0,0,0,0,0,1,0,1,0,0,0,0,0,0,0,0,1,0,0,0,0,0,0,0,0,1,0,Médio,148500
80.0,8000,7,5,0.0,4,3,4,3,1,1492.0,5,1,1492,3,4,1,2,2.0,3,3,3.0,414,8,8,8.0,35,0,0,0,0,0,0,0,0,0,0,0,0,0,0,0,0,0,0,0,1,0,0,0,0,0,1,0,0,0,1,0,0,0,1,0,0,0,0,0,Alto,230000
62.0,7162,7,5,190.0,4,3,4,3,1,796.0,5,1,1724,3,4,1,3,2.0,3,3,2.5,225,7,6,7.0,35,0,0,0,0,1,0,0,0,0,0,0,0,0,0,0,0,0,1,0,0,0,0,1,0,0,0,0,0,0,1,0,0,0,0,0,1,0,0,0,Baixo,196500
66.0,9771,6,5,190.0,4,3,4,3,1,1077.0,5,1,2814,4,4,1,3,2.0,3,3,3.0,80,15,8,15.0,30,0,0,0,0,1,0,0,0,0,0,0,0,0,0,0,0,0,1,0,0,0,0,1,0,0,0,0,0,0,1,0,0,0,0,0,1,0,0,0,Médio,260000
51.0,4712,4,7,0.0,3,3,3,3,1,747.0,3,1,1230,3,3,0,1,1.0,3,3,2.5,57,64,60,64.0,28,0,0,0,1,0,0,0,0,0,0,0,0,0,0,0,0,0,1,0,0,0,0,0,0,0,1,0,0,1,0,0,0,0,0,0,0,0,1,0,Baixo,121600
25.0,4835,7,5,0.0,4,3,5,3,3,1488.0,5,1,1488,2,4,1,3,2.0,3,3,3.0,218,6,5,6.0,35,0,0,0,0,0,0,0,0,0,0,1,0,0,0,0,0,0,0,0,1,0,0,0,0,0,1,0,0,0,1,0,0,0,1,0,0,0,0,0,Alto,260000
70.0,10500,5,7,82.0,3,3,3,3,3,372.0,3,1,1109,3,3,0,1,1.0,3,3,1.5,35,39,5,39.0,35,0,0,0,0,0,0,0,1,0,0,0,0,0,0,0,0,0,1,0,0,0,0,0,0,1,0,0,0,1,0,0,0,0,0,0,1,0,0,0,Médio,139000
76.0,9120,6,6,270.0,4,3,3,3,1,901.0,3,1,1876,4,4,1,2,2.0,4,3,2.5,69,36,36,36.0,36,0,0,0,0,1,0,0,0,0,0,0,0,0,0,0,0,0,1,0,0,0,0,1,0,0,0,0,0,1,0,0,0,0,1,0,0,0,0,0,Médio,185000
90.0,14684,7,7,234.0,4,3,4,3,2,2158.0,4,1,2196,3,4,1,2,3.0,3,3,2.0,154,20,19,20.0,49,0,0,0,0,0,0,0,0,0,0,0,0,0,0,0,0,0,1,0,1,0,0,0,0,0,0,0,0,1,0,0,0,0,1,0,0,0,0,0,Médio,271900
76.0,9120,6,6,0.0,3,3,3,3,1,1261.0,5,1,1261,3,3,1,2,2.0,3,3,2.0,0,52,52,52.0,36,0,0,0,0,0,0,0,0,0,0,0,0,0,0,0,0,0,1,0,1,0,0,0,0,0,1,0,0,1,0,0,0,0,1,0,0,0,0,0,Médio,163000
72.0,9535,5,5,450.0,3,3,3,3,1,1176.0,3,1,1458,3,3,1,1,2.0,3,3,2.5,284,43,43,43.0,25,0,0,0,0,0,0,0,0,0,0,0,0,0,0,0,0,0,1,0,1,0,0,0,0,0,0,0,0,1,0,0,0,0,1,0,0,0,0,0,Baixo,165000
75.0,14587,9,5,284.0,4,3,4,3,1,1498.0,5,1,1506,2,5,1,3,2.0,3,3,2.0,174,2,2,2.0,45,0,0,0,0,0,0,0,0,0,0,0,0,0,0,0,0,0,1,0,1,0,0,0,0,0,0,0,1,0,1,0,0,0,1,0,0,0,0,0,Alto,264132
63.0,7500,6,5,0.0,3,3,4,3,1,1158.0,5,1,1158,3,4,0,0,0.0,0,0,1.5,50,6,6,6.0,30,0,0,0,0,0,0,0,0,0,0,0,0,0,0,0,0,0,1,0,1,0,0,0,0,0,1,0,0,0,1,0,0,0,0,0,0,0,0,1,Médio,143500
24.0,2522,7,5,50.0,4,3,4,3,1,970.0,5,1,1709,3,4,0,1,2.0,3,3,2.0,40,6,6,6.0,35,0,0,0,0,0,0,0,0,0,0,0,1,0,0,0,0,1,0,0,0,0,0,1,0,0,0,0,1,0,1,0,0,0,0,0,0,0,1,0,Baixo,130000
60.0,9600,4,7,0.0,3,3,4,3,1,1067.0,3,1,1067,2,4,0,1,2.0,3,3,2.0,290,60,15,14.0,28,0,0,0,0,0,0,0,0,0,0,0,0,0,0,0,0,0,1,0,1,0,0,0,0,0,1,0,0,1,0,0,0,0,1,0,0,0,0,0,Baixo,128000
91.0,11778,9,5,554.0,4,3,4,3,4,2271.0,5,1,2276,3,5,2,2,3.0,4,3,3.0,70,2,2,2.0,45,0,0,0,0,0,0,0,0,0,0,0,0,0,0,0,0,0,1,0,1,0,0,0,0,0,0,0,1,0,1,0,0,0,1,0,0,0,0,0,Alto,475000
50.0,5220,5,3,0.0,3,3,3,3,1,830.0,4,1,879,2,3,0,1,1.0,3,3,1.0,108,74,60,74.0,15,1,0,0,0,0,0,0,0,0,0,0,0,0,0,0,0,0,1,0,1,0,0,0,0,0,1,0,0,0,0,0,0,0,0,0,0,0,1,0,Médio,80000
34.0,4058,7,5,182.0,3,3,4,3,3,723.0,5,1,767,1,3,0,3,1.0,3,3,2.0,160,12,12,12.0,35,0,0,0,0,0,0,0,0,0,0,1,0,0,0,0,0,1,0,0,0,0,0,0,1,0,0,0,0,0,1,0,0,0,1,0,0,0,0,0,Médio,133000
87.0,12361,6,7,85.0,4,4,4,3,1,946.0,5,1,1802,3,4,1,2,4.0,3,3,3.0,542,17,17,10.0,42,0,0,0,0,1,0,0,0,0,0,0,0,0,0,0,0,0,1,0,0,0,0,1,0,0,0,0,0,0,1,0,0,0,0,0,0,0,0,0,Médio,218000
70.0,8197,7,5,506.0,4,3,4,3,1,1480.0,5,1,1480,3,4,0,2,2.0,3,3,3.0,325,7,1,7.0,35,0,0,0,0,0,0,0,0,0,0,0,0,0,0,0,0,0,1,0,1,0,0,0,0,0,0,0,0,0,1,0,0,0,1,0,0,0,0,0,Médio,214000
60.0,13515,6,6,0.0,3,3,3,3,1,764.0,5,1,1824,3,3,1,1,2.0,3,3,1.0,126,91,60,70.0,36,0,0,0,0,0,1,0,0,0,0,0,0,0,0,0,0,0,1,0,0,0,0,1,0,0,1,0,0,0,1,0,0,0,0,0,0,0,1,0,Baixo,180500
80.0,12048,5,6,232.0,3,3,0,0,0,0.0,4,1,1488,3,3,1,2,2.0,3,3,1.0,225,58,8,8.0,30,0,0,0,0,0,0,0,0,0,0,0,0,0,0,0,0,0,1,0,1,0,0,0,0,0,0,0,0,0,0,1,0,0,1,0,0,0,0,0,Baixo,135000
105.0,13693,9,5,772.0,5,3,4,3,3,2153.0,5,1,2643,3,5,1,3,3.0,3,3,2.5,498,4,4,4.0,45,0,0,0,0,1,0,0,0,0,0,0,0,0,0,0,0,0,1,0,0,0,0,1,0,0,0,0,0,0,1,0,0,0,0,0,1,0,0,0,Alto,380000
24.0,2280,7,5,0.0,3,3,4,3,1,1057.0,3,1,1055,2,3,1,2,2.0,3,3,2.5,27,35,35,35.0,35,0,0,0,0,0,0,0,0,0,0,1,0,0,0,0,0,0,1,0,1,0,0,0,0,0,1,0,0,1,0,0,0,0,1,0,0,0,0,0,Médio,123000
61.0,10125,7,5,0.0,4,3,4,3,2,846.0,5,1,1594,3,4,1,3,2.0,3,3,2.5,348,6,6,6.0,35,0,0,0,0,1,0,0,0,0,0,0,0,0,0,0,0,0,1,0,0,0,0,1,0,0,1,0,0,0,1,0,0,0,1,0,0,0,0,0,Médio,195500
85.0,10541,7,5,0.0,4,3,4,3,3,672.0,5,1,2037,3,4,1,3,2.0,3,3,2.5,133,14,14,14.0,35,0,0,0,0,0,0,0,1,0,0,0,0,0,0,0,0,0,1,0,0,0,0,0,0,1,1,0,0,0,1,0,0,0,1,0,0,0,0,0,Médio,229000
60.0,7200,5,5,0.0,3,3,0,0,0,0.0,4,1,1048,3,3,0,1,2.0,3,3,1.0,27,60,60,60.0,25,0,0,0,0,0,0,0,0,0,0,0,0,0,0,0,0,0,1,0,1,0,0,0,0,0,1,0,0,1,0,0,0,0,0,0,0,0,1,0,Médio,98300
72.0,8398,5,5,323.0,3,4,3,3,1,943.0,3,1,943,2,3,0,1,2.0,3,3,2.0,132,43,43,38.0,25,0,0,0,0,0,0,0,0,0,0,0,0,0,0,0,0,0,1,0,1,0,0,0,0,0,0,0,0,1,0,0,0,0,0,0,0,0,1,0,Baixo,134500
133.0,11003,7,5,0.0,4,3,4,3,1,1308.0,5,1,1876,3,4,0,2,3.0,3,3,2.5,40,5,4,5.0,35,0,0,0,0,1,0,0,0,0,0,0,0,0,0,0,0,0,1,0,0,0,0,1,0,0,1,0,0,0,1,0,0,0,0,0,1,0,0,0,Alto,229800
60.0,7890,6,6,0.0,3,3,3,3,1,856.0,3,1,856,2,3,1,1,2.0,3,3,2.0,0,71,60,71.0,36,1,0,0,0,0,0,0,0,0,0,0,0,0,0,0,0,0,1,0,1,0,0,0,0,0,1,0,0,1,0,0,0,0,0,0,0,0,1,0,Médio,126000
63.0,5000,5,4,0.0,3,3,3,3,1,540.0,4,0,1440,3,3,0,1,1.0,2,3,1.0,77,110,60,70.0,20,0,0,0,1,0,0,0,0,0,0,0,0,0,0,0,0,1,0,0,0,0,0,0,0,0,1,0,0,0,0,0,0,0,1,0,0,0,0,0,Baixo,79000
30.0,5330,8,5,0.0,4,3,4,3,1,1550.0,5,1,1550,2,4,0,3,2.0,3,3,2.5,102,4,3,3.0,40,0,0,0,0,0,0,0,0,0,0,1,0,0,0,0,0,0,0,0,1,0,0,0,0,0,1,0,0,0,1,0,0,0,1,0,0,0,0,0,Alto,207500
135.0,12304,7,5,144.0,4,3,4,3,1,1367.0,5,1,1367,2,4,1,2,2.0,3,3,2.0,33,5,5,5.0,35,0,0,0,0,0,0,0,0,0,0,1,0,0,0,0,0,0,1,0,1,0,0,0,0,0,0,0,1,0,1,0,0,0,1,0,0,0,0,0,Alto,192000
68.0,9543,7,5,0.0,4,3,4,3,1,845.0,5,1,1690,3,4,0,2,2.0,3,3,2.5,103,9,9,9.0,35,0,0,0,0,1,0,0,0,0,0,0,0,0,0,0,0,0,1,0,0,0,0,1,0,0,1,0,0,0,1,0,0,0,1,0,0,0,0,0,Alto,190550
101.0,14215,8,5,380.0,4,3,5,3,3,1158.0,5,1,2376,4,4,1,2,3.0,3,3,3.5,394,5,4,5.0,40,0,0,0,0,1,0,0,0,0,0,0,0,0,0,0,0,0,1,0,0,0,0,1,0,0,0,0,0,0,1,0,0,0,0,0,1,0,0,0,Alto,325300
57.0,9764,5,7,0.0,3,3,3,3,1,894.0,5,1,894,3,4,0,2,2.0,3,3,2.0,0,43,7,43.0,35,0,0,0,0,0,0,0,0,0,0,0,0,0,0,0,0,0,1,0,1,0,0,0,0,0,1,0,0,1,0,0,0,0,1,0,0,0,0,0,Baixo,130000
95.0,11787,7,5,594.0,4,3,4,3,1,1379.0,5,1,2398,3,4,1,3,3.0,3,3,3.5,299,14,13,14.0,35,0,0,0,0,1,0,0,0,0,0,0,0,0,0,0,0,0,1,0,0,0,0,1,0,0,0,0,0,0,1,0,0,0,1,0,0,0,0,0,Alto,315750
80.0,10791,6,5,0.0,3,3,4,3,2,1280.0,5,1,2495,4,4,1,1,2.0,3,3,3.5,256,17,17,17.0,30,0,0,0,0,1,0,0,0,0,0,0,0,0,0,0,0,0,1,0,0,0,0,1,0,0,1,0,0,0,1,0,0,0,1,0,0,0,0,0,Médio,243500
72.0,8640,8,5,72.0,4,3,4,3,2,1300.0,5,1,1314,3,4,0,2,2.0,3,3,3.0,247,1,1,1.0,40,0,0,0,0,0,0,0,0,0,0,0,0,0,0,0,0,0,0,0,1,0,0,0,0,0,0,0,1,0,1,0,0,0,1,0,0,0,0,0,Alto,229456
65.0,8450,7,5,108.0,3,3,4,3,1,1349.0,5,1,1349,3,3,0,1,2.0,3,3,2.0,175,10,9,10.0,35,0,0,0,0,0,0,0,0,0,0,0,0,0,0,0,0,0,1,0,1,0,0,0,0,0,0,0,0,0,1,0,0,0,1,0,0,0,0,0,Médio,179000
71.0,4447,7,5,0.0,4,3,4,3,1,530.0,5,1,1080,2,4,0,2,2.0,3,3,2.5,50,7,7,7.0,35,0,0,0,0,0,0,0,0,0,0,0,1,0,0,0,0,0,0,0,0,0,0,1,0,0,1,0,0,0,1,0,0,0,1,0,0,0,0,0,Alto,139000
107.0,13891,9,5,424.0,5,3,5,3,4,1734.0,5,1,2822,4,5,1,2,3.0,3,3,3.5,222,2,1,1.0,45,0,0,0,0,1,0,0,0,0,0,0,0,0,0,0,0,0,1,0,0,0,0,1,0,0,0,0,1,0,1,0,0,0,0,0,1,0,0,0,Alto,582933
51.5,6615,6,6,0.0,3,3,3,3,1,1022.0,3,0,1432,3,4,1,1,1.0,2,3,1.0,327,87,60,87.0,36,1,0,0,0,0,0,0,0,0,0,0,0,0,0,0,0,0,1,0,1,0,0,0,0,0,1,0,0,0,0,0,0,0,0,0,1,0,0,0,Baixo,149000
66.0,8883,7,5,360.0,4,3,4,3,1,929.0,5,1,1873,3,4,1,2,2.0,3,3,3.5,156,22,22,22.0,35,0,0,0,0,1,0,0,0,0,0,0,0,0,0,0,0,0,1,0,0,0,0,1,0,0,0,0,0,0,1,0,0,0,1,0,0,0,0,0,Médio,207000
73.0,11927,8,5,519.0,4,3,4,3,4,1556.0,5,1,1592,3,4,1,3,2.0,3,3,2.0,155,16,15,16.0,40,0,0,0,0,0,0,0,0,0,0,0,0,0,0,0,0,0,1,0,1,0,0,0,0,0,0,0,0,0,1,0,0,0,1,0,0,0,0,0,Alto,228000
51.0,6120,2,3,0.0,2,2,3,2,1,264.0,2,0,800,1,2,1,0,0.0,0,0,1.0,0,74,60,74.0,6,1,0,0,0,0,0,0,0,0,0,0,0,0,0,0,0,1,0,0,1,0,0,0,0,0,1,0,0,0,0,0,0,0,0,0,0,0,0,1,Baixo,60000
52.0,8516,4,6,0.0,3,3,3,3,1,869.0,3,1,1093,2,3,0,1,1.0,3,3,1.0,0,52,4,51.0,24,0,0,0,0,0,0,0,0,0,0,0,0,0,0,0,0,1,0,0,1,0,0,0,0,0,1,0,0,1,0,0,0,0,0,0,0,0,1,0,Baixo,115500
74.0,9627,7,5,94.0,3,3,4,3,3,996.0,5,1,2000,3,3,1,3,3.0,3,3,2.5,238,17,16,17.0,35,0,0,0,0,1,0,0,0,0,0,0,0,0,0,0,0,0,1,0,0,0,0,1,0,0,0,0,0,0,1,0,0,0,1,0,0,0,0,0,Médio,188000
62.0,8244,7,5,0.0,4,3,4,3,1,840.0,5,1,1720,3,4,1,3,2.0,3,3,2.5,148,6,6,6.0,35,0,0,0,0,1,0,0,0,0,0,0,0,0,0,0,0,0,1,0,0,0,0,1,0,0,1,0,0,0,1,0,0,0,1,0,0,0,0,0,Médio,183500
21.0,1533,4,6,0.0,3,3,3,3,1,546.0,3,1,1344,3,3,1,0,0.0,0,0,1.5,0,40,2,40.0,24,0,0,0,0,0,0,0,0,0,0,0,1,0,0,0,0,1,0,0,0,0,0,1,0,0,1,0,0,1,0,0,0,0,0,0,0,0,0,1,Baixo,97000
44.0,5914,5,9,0.0,3,3,2,3,1,684.0,4,1,1080,3,4,0,0,0.0,0,0,1.0,195,120,14,120.0,45,0,0,0,1,0,0,0,0,0,0,0,0,0,0,0,0,1,0,0,0,0,0,0,0,0,1,0,0,0,0,0,0,0,0,0,0,0,0,1,Baixo,95000
71.0,8520,5,4,0.0,3,2,3,3,1,910.0,2,1,1385,4,3,0,1,2.0,3,3,2.0,0,58,58,10.0,20,0,0,0,1,0,0,0,0,0,0,0,0,0,0,0,0,0,1,0,0,0,0,0,0,0,1,0,0,1,0,0,0,0,0,0,0,0,1,0,Médio,166000
50.0,6000,6,5,0.0,3,3,3,3,1,739.0,5,1,1342,2,3,1,1,1.0,3,3,2.0,0,71,60,71.0,30,0,0,0,1,0,0,0,0,0,0,0,0,0,0,0,0,1,0,0,0,0,0,0,0,0,1,0,0,1,0,0,0,0,0,0,0,0,1,0,Baixo,105000
129.0,16737,9,5,66.0,4,3,5,3,3,1980.0,5,1,1980,3,5,1,3,3.0,3,3,3.0,239,6,5,6.0,45,0,0,0,0,0,0,0,0,0,0,0,0,0,0,0,0,0,1,0,1,0,0,0,0,0,0,0,0,0,1,0,0,0,1,0,0,0,0,0,Alto,315000
70.0,14860,8,5,240.0,4,3,5,3,4,1778.0,5,1,1786,3,4,1,2,3.0,3,3,3.0,217,8,7,8.0,40,0,0,0,0,0,0,0,0,0,0,0,0,0,0,0,0,0,1,0,1,0,0,0,0,0,0,0,0,0,1,0,0,0,1,0,0,0,0,0,Alto,300000
50.0,8635,5,5,0.0,3,3,3,3,1,672.0,3,1,1285,2,3,0,1,1.0,3,3,2.0,0,62,9,62.0,25,0,0,0,1,0,0,0,0,0,0,0,0,0,0,0,0,1,0,0,0,0,0,0,0,0,1,0,0,1,0,0,0,0,0,0,0,0,1,0,Baixo,127000
101.0,13543,8,5,130.0,4,3,5,3,4,1168.0,5,1,2500,5,5,1,3,3.0,3,3,3.5,224,5,5,5.0,40,0,0,0,0,1,0,0,0,0,0,0,0,0,0,0,0,0,1,0,0,0,0,1,0,0,0,0,1,0,1,0,0,0,0,0,1,0,0,0,Alto,355000
117.0,15262,8,5,470.0,4,3,5,3,4,2200.0,5,1,2200,3,5,1,3,3.0,3,3,3.5,263,7,6,7.0,40,0,0,0,0,0,0,0,0,0,0,0,0,0,0,0,0,0,1,0,1,0,0,0,0,0,0,0,0,0,1,0,0,0,1,0,0,0,0,0,Alto,382500
63.0,9084,7,5,0.0,3,3,4,3,1,935.0,4,1,1632,3,3,1,3,2.0,3,3,2.5,28,12,12,12.0,35,0,0,0,0,1,0,0,0,0,0,0,0,0,0,0,0,0,1,0,0,0,0,1,0,0,1,0,0,0,1,0,0,0,1,0,0,0,0,0,Médio,176500
92.0,9215,7,5,0.0,4,3,4,3,1,1218.0,5,1,1218,2,4,0,2,2.0,3,3,2.0,136,1,0,1.0,35,0,0,0,0,0,0,0,0,0,0,0,0,0,0,0,0,0,0,0,1,0,0,0,0,0,1,0,0,0,1,0,0,0,1,0,0,0,0,0,Alto,204500
30.0,3180,7,5,0.0,4,3,4,3,1,600.0,5,1,1200,2,4,0,2,2.0,3,3,2.5,166,5,5,5.0,35,0,0,0,0,0,0,0,0,0,0,0,1,0,0,0,0,0,0,0,0,0,0,1,0,0,1,0,0,0,1,0,0,0,0,0,0,0,1,0,Alto,144152
68.0,8846,6,5,0.0,3,3,4,3,1,750.0,5,1,1500,3,4,0,2,2.0,3,3,2.5,35,5,4,5.0,30,0,0,0,0,1,0,0,0,0,0,0,0,0,0,0,0,0,1,0,0,0,0,1,0,0,1,0,0,0,1,0,0,0,1,0,0,0,0,0,Alto,173900
81.0,7635,5,6,0.0,3,3,3,3,1,1175.0,5,1,1175,3,3,0,2,2.0,3,3,1.5,0,50,50,50.0,30,0,0,0,0,0,0,0,0,0,0,0,0,0,0,0,0,0,1,0,1,0,0,0,0,0,1,0,0,1,0,0,0,0,0,0,0,0,1,0,Médio,148000
100.0,18494,6,5,0.0,4,3,4,3,1,1324.0,5,1,1324,3,4,0,3,2.0,3,3,2.0,59,5,5,5.0,30,0,0,0,0,0,0,0,0,0,0,0,0,0,0,0,0,0,1,0,1,0,0,0,0,0,1,0,0,0,1,0,0,0,1,0,0,0,0,0,Médio,199500
73.0,8499,6,5,0.0,3,3,4,3,1,616.0,5,1,1412,3,4,1,3,2.0,3,3,2.5,36,4,3,3.0,30,0,0,0,0,1,0,0,0,0,0,0,0,0,0,0,0,0,1,0,0,0,0,1,0,0,1,0,0,0,1,0,0,0,0,0,1,0,0,0,Médio,156932
50.0,6000,6,6,0.0,3,2,3,3,1,780.0,5,1,1412,4,3,1,1,1.0,3,3,1.0,45,71,60,71.0,36,0,0,0,1,0,0,0,0,0,0,0,0,0,0,0,0,1,0,0,0,0,0,0,0,0,1,0,0,1,0,0,0,0,0,0,0,0,1,0,Baixo,132500
80.0,11600,5,5,361.0,3,3,3,3,1,1105.0,3,1,2274,5,3,0,1,2.0,3,3,2.0,0,50,50,50.0,25,0,0,0,0,0,0,0,0,0,1,0,0,0,0,0,0,0,1,0,0,0,0,1,0,0,0,0,0,1,0,0,0,0,0,0,0,0,1,0,Médio,154300
65.0,8125,8,5,288.0,4,3,4,3,1,1836.0,5,1,1836,3,4,1,3,2.0,3,3,2.0,175,2,1,1.0,40,0,0,0,0,0,0,0,0,0,0,0,0,0,0,0,0,0,0,0,1,0,0,0,0,0,0,0,0,0,1,0,0,0,1,0,0,0,0,0,Alto,264500
62.0,6710,6,5,134.0,3,3,5,3,3,920.0,5,1,936,0,3,0,3,2.0,3,3,2.5,40,14,13,14.0,30,0,0,0,0,0,0,0,0,0,0,1,0,0,0,0,0,1,0,0,0,0,0,0,1,0,0,0,0,0,1,0,0,0,1,0,0,0,0,0,Médio,140000
80.0,12384,7,7,233.0,3,3,4,3,1,793.0,3,1,1935,3,3,1,2,2.0,3,3,2.5,365,34,34,34.0,49,0,0,0,0,1,0,0,0,0,0,0,0,0,0,0,0,0,1,0,0,0,0,1,0,0,0,0,0,1,0,0,0,0,1,0,0,0,0,0,Médio,197900
68.0,8927,6,6,0.0,3,4,0,0,0,0.0,3,1,1654,4,3,0,2,2.0,3,3,2.0,0,33,33,33.0,36,0,0,0,0,0,0,0,0,0,1,0,0,0,0,0,0,1,0,0,0,0,0,0,0,0,1,0,0,1,0,0,0,0,1,0,0,0,0,0,Baixo,119500
85.0,14331,8,5,630.0,4,3,5,3,4,1800.0,5,1,1800,3,4,1,3,3.0,3,3,3.0,348,8,8,8.0,40,0,0,0,0,0,0,0,0,0,0,0,0,0,0,0,0,0,1,0,1,0,0,0,0,0,0,0,0,0,1,0,0,0,1,0,0,0,0,0,Alto,312500
63.0,11275,6,7,480.0,3,3,3,3,2,854.0,3,1,1991,3,3,1,1,2.0,3,2,1.5,19,78,60,33.0,42,0,0,0,1,0,0,0,0,0,0,0,0,0,0,0,0,0,1,0,0,0,0,0,0,0,0,0,0,1,0,0,0,0,0,0,0,0,1,0,Médio,220000
21.0,1680,6,3,604.0,3,3,3,3,1,483.0,3,1,987,2,3,0,1,1.0,3,3,1.5,0,39,39,39.0,18,0,0,0,0,0,0,0,0,0,0,0,1,0,0,0,0,1,0,0,0,0,0,1,0,0,0,0,0,1,0,0,0,0,0,0,0,0,1,0,Baixo,89500
60.0,6000,6,6,0.0,3,4,3,4,1,735.0,5,1,1218,3,3,1,1,2.0,3,3,1.5,0,69,60,7.0,36,0,0,0,1,0,0,0,0,0,0,0,0,0,0,0,0,1,0,0,0,0,0,0,0,0,1,0,0,0,0,0,0,0,0,0,0,0,1,0,Baixo,131000
74.0,9990,4,5,0.0,3,3,4,3,1,1680.0,4,1,1689,3,3,1,1,2.0,3,3,3.0,548,19,19,19.0,20,0,0,0,0,0,0,0,0,0,0,0,0,0,0,0,0,0,1,0,1,0,0,0,0,0,1,0,0,0,1,0,0,0,1,0,0,0,0,0,Médio,228500
100.0,12919,9,5,760.0,5,3,5,3,4,2330.0,5,1,2364,2,5,2,3,3.0,3,3,3.5,67,1,0,1.0,45,0,0,0,0,0,0,0,0,0,0,0,0,0,0,0,0,0,1,0,1,0,0,0,0,0,0,0,1,0,1,0,0,0,1,0,0,0,0,0,Alto,611657
35.0,3907,8,5,0.0,3,3,4,3,4,1004.0,4,1,1020,1,3,0,1,2.0,3,3,2.0,135,22,22,22.0,40,0,0,0,0,0,0,0,0,0,0,1,0,0,0,0,0,1,0,0,1,0,0,0,0,0,1,0,0,1,0,0,0,0,1,0,0,0,0,0,Baixo,200000
63.0,8803,6,5,0.0,3,3,4,3,1,707.0,4,1,1516,3,4,1,3,2.0,3,3,3.5,46,16,15,16.0,30,0,0,0,0,1,0,0,0,0,0,0,0,0,0,0,0,0,1,0,0,0,0,1,0,0,1,0,0,0,1,0,0,0,1,0,0,0,0,0,Médio,181316
56.0,4060,5,8,0.0,3,3,2,3,1,864.0,5,1,864,2,3,0,0,0.0,0,0,1.0,96,88,60,88.0,40,1,0,0,0,0,0,0,0,0,0,0,0,0,0,0,0,0,1,0,1,0,0,0,0,0,1,0,0,0,1,0,0,0,0,0,0,0,0,1,Baixo,99900
47.0,4608,4,6,0.0,3,4,3,3,1,747.0,3,1,747,2,3,0,1,1.0,3,3,1.0,0,65,60,65.0,24,1,0,0,0,0,0,0,0,0,0,0,0,0,0,0,0,1,0,0,1,0,0,0,0,0,1,0,0,1,0,0,0,0,1,0,0,0,0,0,Baixo,80000
72.0,10920,6,5,212.0,3,3,3,3,1,1253.0,3,1,1253,2,3,1,2,1.0,3,3,2.5,389,50,50,50.0,30,0,0,0,0,0,0,0,0,0,0,0,0,0,0,0,0,0,1,0,1,0,0,0,0,0,0,0,0,1,0,0,0,0,1,0,0,0,0,0,Médio,157000
85.0,8500,5,3,203.0,3,3,3,3,1,1235.0,3,1,1235,2,3,0,1,2.0,3,3,1.0,0,49,49,49.0,15,0,0,0,0,0,0,0,0,0,0,0,0,0,0,0,0,0,1,0,1,0,0,0,0,0,0,1,0,1,0,0,0,0,1,0,0,0,0,0,Médio,98600
60.0,7134,5,5,0.0,3,3,3,3,1,384.0,3,1,1360,3,3,1,1,2.0,3,3,1.0,50,55,55,48.0,25,0,0,0,0,0,0,0,1,0,0,0,0,0,0,0,0,0,1,0,0,0,0,0,0,1,1,0,0,1,0,0,0,0,0,0,0,0,1,0,Médio,130000
24.0,1782,6,6,0.0,3,4,4,3,1,516.0,4,1,1045,2,3,1,1,2.0,3,3,1.0,180,30,30,30.0,36,0,0,0,0,0,0,0,0,0,0,0,1,0,0,0,0,1,0,0,0,0,0,1,0,0,1,0,0,1,0,0,0,0,0,0,0,0,1,0,Baixo,123900
78.0,11419,7,7,0.0,3,3,3,3,2,699.0,5,1,1527,3,3,1,1,2.0,3,3,2.5,134,62,11,62.0,49,0,0,0,0,1,0,0,0,0,0,0,0,0,0,0,0,0,1,0,0,0,0,1,0,0,1,0,0,1,0,0,0,0,1,0,0,0,0,0,Médio,152500
60.0,9900,5,4,0.0,2,2,3,3,1,1212.0,3,0,1392,3,3,0,0,0.0,0,0,2.0,168,95,60,95.0,20,0,0,0,0,0,0,0,0,0,0,0,0,0,1,0,0,0,1,0,0,0,0,0,0,0,1,0,0,0,0,0,0,0,0,0,0,0,0,1,Médio,100000
72.0,8020,5,6,0.0,3,3,3,3,1,912.0,3,0,912,3,3,0,0,0.0,0,0,1.0,0,46,46,46.0,30,0,0,0,0,0,0,0,0,0,0,0,0,0,0,0,0,0,1,0,1,0,0,0,0,0,1,0,0,1,0,0,0,0,0,0,0,0,0,1,Baixo,124000
60.0,6000,5,5,0.0,3,2,3,3,1,1008.0,5,1,1522,4,3,0,0,0.0,0,0,2.0,138,84,60,84.0,25,0,0,0,1,0,0,0,0,0,0,0,0,0,0,0,0,0,1,0,0,0,0,0,0,0,1,0,0,0,0,0,0,0,0,0,0,0,0,1,Médio,102000
85.0,10628,7,5,0.0,3,4,3,4,4,1277.0,3,1,1277,2,3,1,1,2.0,3,3,2.0,0,40,40,40.0,35,0,0,0,0,0,0,0,0,0,0,0,0,0,0,0,0,0,1,0,1,0,0,0,0,0,1,0,0,1,0,0,0,0,1,0,0,0,0,0,Médio,167000
70.0,9531,6,5,0.0,3,3,4,3,2,794.0,5,1,1796,3,3,0,2,2.0,3,3,3.5,36,12,12,12.0,30,0,0,0,0,1,0,0,0,0,0,0,0,0,0,0,0,0,1,0,0,0,0,1,0,0,1,0,0,0,1,0,0,0,1,0,0,0,0,0,Alto,211000
81.0,8170,7,7,270.0,4,4,3,3,1,1022.0,5,1,1671,4,3,1,1,2.0,3,3,2.0,0,81,60,47.0,49,0,0,0,1,0,0,0,0,0,0,0,0,0,0,0,0,0,1,0,0,0,0,0,0,0,0,0,0,0,0,0,0,0,0,0,0,0,1,0,Médio,218000
24.0,2308,6,6,0.0,3,3,4,3,1,855.0,4,1,1456,4,3,0,2,2.0,3,3,2.5,0,35,35,35.0,36,0,0,0,0,0,0,0,0,0,0,0,1,0,0,0,0,0,1,0,0,0,0,1,0,0,1,0,0,1,0,0,0,0,1,0,0,0,0,0,Médio,143000
75.0,45600,6,8,0.0,3,3,3,3,1,907.0,3,1,2358,5,3,1,1,2.0,2,3,3.0,526,102,13,102.0,48,0,0,0,1,0,0,0,0,0,0,0,0,0,0,0,0,0,1,0,0,0,0,0,0,0,1,0,0,0,0,0,0,0,0,0,0,0,1,0,Alto,240000
84.0,11096,8,5,0.0,4,3,4,3,3,1656.0,5,1,1656,3,4,0,2,3.0,3,3,2.0,146,4,4,4.0,40,0,0,0,0,0,0,0,0,0,0,0,0,0,0,0,0,0,0,0,1,0,0,0,0,0,1,0,0,0,1,0,0,0,1,0,0,0,0,0,Alto,249700
80.0,9600,6,6,0.0,3,3,3,3,3,992.0,4,1,1661,3,4,1,2,1.0,3,3,2.0,28,55,14,55.0,36,0,0,0,0,0,0,0,1,0,0,0,0,0,0,0,0,0,1,0,0,0,0,0,0,1,1,0,0,1,0,0,0,0,0,0,1,0,0,0,Médio,165500
69.0,5805,5,7,0.0,3,3,3,3,2,1347.0,4,1,1347,3,4,0,1,2.0,3,3,2.5,0,53,53,53.0,35,0,0,0,0,0,0,0,0,0,0,0,0,0,0,0,0,1,0,0,1,0,0,0,0,0,1,0,0,1,0,0,0,0,0,0,0,0,1,0,Baixo,143000
41.0,5395,8,5,0.0,4,3,4,3,1,1337.0,4,1,1337,2,4,1,2,2.0,3,3,3.0,166,17,17,17.0,40,0,0,0,0,0,0,0,0,0,0,1,0,0,0,0,0,0,1,0,1,0,0,0,0,0,1,0,0,0,1,0,0,0,1,0,0,0,0,0,Alto,180000
96.0,10542,7,5,651.0,4,3,4,3,4,1311.0,5,1,2418,3,4,1,2,3.0,3,3,3.5,620,17,16,17.0,35,0,0,0,0,1,0,0,0,0,0,0,0,0,0,0,0,0,1,0,0,0,0,1,0,0,0,0,0,0,1,0,0,0,1,0,0,0,0,0,Alto,341000
74.0,8899,8,5,108.0,5,3,4,3,3,948.0,5,1,2088,4,4,1,3,3.0,3,3,2.5,124,3,3,3.0,40,0,0,0,0,1,0,0,0,0,0,0,0,0,0,0,0,0,1,0,0,0,0,1,0,0,0,0,1,0,1,0,0,0,0,0,1,0,0,0,Alto,250000
70.0,7315,5,6,0.0,3,3,3,3,1,1170.0,3,1,1170,3,3,1,2,1.0,3,3,1.5,0,52,52,52.0,30,0,0,0,0,0,0,0,0,0,0,0,0,0,0,0,0,0,1,0,1,0,0,0,0,0,1,0,0,1,0,0,0,0,1,0,0,0,0,0,Médio,140000
74.0,10141,7,5,40.0,3,3,4,3,1,832.0,4,1,1718,3,3,1,3,2.0,3,3,2.5,94,12,12,12.0,35,0,0,0,0,1,0,0,0,0,0,0,0,0,0,0,0,0,1,0,0,0,0,1,0,0,0,0,0,0,1,0,0,0,1,0,0,0,0,0,Médio,185000
32.0,2880,7,5,0.0,4,3,4,3,1,1376.0,5,1,3005,3,4,1,3,3.0,3,3,2.5,177,6,5,6.0,35,0,0,0,0,0,0,0,0,0,0,0,1,0,0,0,0,0,0,0,0,0,0,1,0,0,1,0,0,0,1,0,0,0,0,0,1,0,0,0,Alto,280750
35.0,3675,6,5,82.0,3,3,4,3,4,547.0,4,1,1072,2,3,0,3,2.0,3,3,3.0,44,5,4,5.0,30,0,0,0,0,0,0,0,0,0,0,0,0,1,0,0,0,1,0,0,0,0,0,0,1,0,0,0,0,0,1,0,0,0,0,1,0,0,0,0,Baixo,140000
39.0,3869,5,6,149.0,4,5,3,3,1,1038.0,4,1,1038,2,3,0,2,1.0,3,3,2.0,105,26,26,26.0,30,0,0,0,0,0,0,0,0,0,0,1,0,0,0,0,0,0,1,0,1,0,0,0,0,0,0,0,0,1,0,0,0,0,1,0,0,0,0,0,Baixo,130000
66.0,8923,5,7,0.0,3,3,3,3,1,1008.0,4,1,1008,2,4,0,1,1.0,3,3,2.0,18,57,4,57.0,35,0,0,0,0,0,0,0,0,0,0,0,0,0,0,0,0,0,1,0,1,0,0,0,0,0,1,0,0,1,0,0,0,0,1,0,0,0,0,0,Médio,134500
72.0,10200,5,8,0.0,3,4,4,3,3,864.0,5,1,904,3,4,0,1,3.0,3,3,1.0,143,40,40,31.0,40,0,0,0,0,0,0,0,1,0,0,0,0,0,0,0,0,0,1,0,0,0,0,0,0,1,1,0,0,0,1,0,0,0,0,0,0,0,0,0,Baixo,144000
75.0,10125,5,5,0.0,3,3,0,0,0,0.0,3,1,1734,4,4,0,1,2.0,3,3,2.0,0,33,33,33.0,25,0,0,0,0,0,0,0,0,0,1,0,0,0,0,0,0,0,1,0,0,0,0,0,0,0,1,0,0,1,0,0,0,0,1,0,0,0,0,0,Médio,126000
61.0,7740,9,5,518.0,4,3,5,4,1,1686.0,5,1,1686,1,5,1,3,3.0,3,3,3.0,366,4,4,4.0,45,0,0,0,0,0,0,0,0,0,0,0,0,0,0,0,0,0,1,0,1,0,0,0,0,0,0,0,0,0,1,0,0,0,1,0,0,0,0,0,Alto,332200
63.0,12680,7,6,102.0,4,3,4,4,2,1675.0,5,1,1688,2,5,1,2,2.0,3,3,3.0,48,22,22,22.0,42,0,0,0,0,0,0,0,0,0,0,0,0,0,0,0,0,0,1,0,1,0,0,0,0,0,0,0,0,1,0,0,0,0,1,0,0,0,0,0,Médio,226500
60.0,5520,5,7,0.0,3,4,3,3,1,565.0,3,1,1216,3,3,1,2,1.0,2,3,2.0,180,90,13,90.0,35,0,0,0,1,0,0,0,0,0,0,0,0,0,0,0,0,1,0,0,0,0,0,0,0,0,1,0,0,0,0,0,0,0,0,0,1,0,0,0,Baixo,115000
51.0,6120,5,6,0.0,3,3,3,3,1,960.0,4,1,995,2,3,0,1,1.0,3,3,1.0,66,85,11,84.0,30,1,0,0,0,0,0,0,0,0,0,0,0,0,0,0,0,1,0,0,1,0,0,0,0,0,1,0,0,0,0,0,0,0,0,0,0,0,1,0,Baixo,115000
70.0,8680,5,7,0.0,3,3,3,3,1,894.0,3,1,894,3,3,0,1,1.0,3,3,1.0,0,50,50,45.0,35,0,0,0,0,0,0,0,0,0,0,0,0,0,0,0,0,0,1,0,1,0,0,0,0,0,1,0,0,1,0,0,0,0,0,0,0,0,1,0,Médio,117600
80.0,9600,7,5,252.0,3,3,3,3,1,1165.0,4,1,2061,4,3,1,2,2.0,3,3,3.0,77,36,36,36.0,35,0,0,0,0,1,0,0,0,0,0,0,0,0,0,0,0,0,1,0,0,0,0,1,0,0,0,0,0,1,0,0,0,0,1,0,0,0,0,0,Médio,168500
21.0,4224,5,6,0.0,3,3,4,3,1,1040.0,4,1,1040,3,3,0,1,2.0,3,3,1.0,100,35,35,35.0,30,0,0,0,0,0,0,0,0,0,0,1,0,0,0,0,0,1,0,0,1,0,0,0,0,0,1,0,0,0,1,0,0,0,1,0,0,0,0,0,Baixo,124000
82.0,9020,6,5,259.0,3,3,3,3,4,1248.0,3,1,1350,3,3,0,2,2.0,3,3,2.5,176,46,46,46.0,30,0,0,0,0,0,0,0,1,0,0,0,0,0,0,0,0,0,1,0,0,0,0,0,0,1,0,0,0,1,0,0,0,0,1,0,0,0,0,0,Médio,168500
72.0,9450,4,5,160.0,3,3,3,3,1,1040.0,3,1,1362,3,3,1,2,3.0,3,3,2.0,84,53,53,28.0,20,0,0,0,0,0,0,0,0,0,0,0,0,0,0,0,0,0,1,0,1,0,0,0,0,0,0,0,0,1,0,0,0,0,1,0,0,0,0,0,Médio,140000
80.0,12046,6,6,298.0,3,3,3,3,1,848.0,3,1,2030,4,4,1,3,2.0,3,3,2.5,224,34,34,34.0,36,0,0,0,0,1,0,0,0,0,0,0,0,0,0,0,0,0,1,0,0,0,0,1,0,0,0,0,0,1,0,0,0,0,1,0,0,0,0,0,Médio,195000
60.0,8400,5,5,320.0,3,3,0,0,0,0.0,3,1,2020,4,3,2,1,2.0,3,3,2.0,0,33,33,33.0,25,0,0,0,0,0,0,0,0,0,1,0,0,0,0,0,0,1,0,0,1,0,0,0,0,0,0,0,0,0,0,1,0,0,0,0,0,0,1,0,Médio,144000
62.0,10429,5,5,0.0,3,3,4,3,1,624.0,3,1,1287,3,3,0,1,2.0,3,3,1.5,150,18,18,9.0,25,0,0,0,0,1,0,0,0,0,0,0,0,0,0,0,0,0,1,0,0,0,0,1,0,0,1,0,0,0,1,0,0,0,0,0,0,0,1,0,Médio,130000
90.0,11248,9,5,215.0,4,3,4,3,3,1626.0,5,1,1668,3,4,1,3,3.0,3,3,3.0,302,8,8,8.0,45,0,0,0,0,0,0,0,0,0,0,0,0,0,0,0,0,0,1,0,1,0,0,0,0,0,0,0,1,0,1,0,0,0,1,0,0,0,0,0,Alto,285000
65.0,11500,4,3,0.0,3,4,0,0,0,0.0,5,0,845,3,3,0,1,1.0,3,3,1.0,186,53,53,53.0,12,0,0,0,0,0,0,0,0,0,0,0,0,0,0,0,0,0,1,0,1,0,0,0,0,0,1,0,0,0,0,1,0,0,0,0,0,0,1,0,Baixo,84000
60.0,12358,5,6,0.0,3,3,3,3,1,720.0,3,1,1382,2,3,0,1,2.0,3,3,1.5,237,69,60,19.0,30,0,0,0,1,0,0,0,0,0,0,0,0,0,0,0,0,1,0,0,0,0,0,0,0,0,1,0,0,1,0,0,0,0,0,0,0,0,1,0,Baixo,128500
21.0,1504,4,4,0.0,3,3,3,3,1,546.0,3,1,1092,3,3,0,1,1.0,3,3,1.5,0,38,38,38.0,16,0,0,0,0,0,0,0,0,0,0,0,1,0,0,0,0,1,0,0,0,0,0,1,0,0,1,0,0,1,0,0,0,0,1,0,0,0,0,0,Baixo,85500
43.0,12712,6,7,0.0,3,3,4,3,2,1044.0,3,1,1055,2,4,1,2,2.0,3,3,2.0,455,37,4,37.0,42,0,0,0,0,0,0,0,0,0,0,0,0,0,0,0,0,0,1,0,1,0,0,0,0,0,1,0,0,1,0,0,0,0,1,0,0,0,0,0,Baixo,147000
60.0,8250,5,7,0.0,3,3,3,3,1,1053.0,4,1,1053,3,4,0,2,2.0,3,3,2.0,240,47,47,16.0,35,0,0,0,0,0,0,0,0,0,0,0,0,0,0,0,0,0,1,0,1,0,0,0,0,0,1,0,0,1,0,0,0,0,0,0,0,0,0,0,Médio,142100
44.0,3843,8,5,174.0,5,3,5,3,4,1596.0,5,1,1648,2,5,1,3,2.0,3,3,3.5,215,3,2,3.0,40,0,0,0,0,0,0,0,0,0,0,1,0,0,0,0,0,1,0,0,1,0,0,0,0,0,0,0,1,0,1,0,0,0,1,0,0,0,0,0,Médio,230000
80.0,2887,6,5,0.0,3,3,4,3,2,1291.0,5,1,1291,2,4,1,1,2.0,3,3,2.0,307,14,13,14.0,30,0,0,0,0,0,0,0,0,0,0,1,0,0,0,0,0,0,1,0,1,0,0,0,0,0,1,0,0,0,1,0,0,0,1,0,0,0,0,0,Alto,173000
52.0,6240,5,5,0.0,3,3,3,3,1,928.0,3,1,1536,4,3,1,1,2.0,3,3,2.0,10,80,60,80.0,25,0,0,0,1,0,0,0,0,0,0,0,0,0,0,0,0,1,0,0,0,0,0,0,0,0,1,0,0,0,0,0,0,0,0,0,0,0,1,0,Baixo,138400
80.0,9200,8,5,473.0,4,3,4,3,1,1470.0,4,1,2630,4,4,1,3,3.0,3,3,3.5,66,12,12,12.0,40,0,0,0,0,1,0,0,0,0,0,0,0,0,0,0,0,0,1,0,0,0,0,1,0,0,0,0,0,0,1,0,0,0,1,0,0,0,0,0,Alto,315000
93.0,11999,8,5,340.0,4,3,4,3,1,1181.0,5,1,2374,4,5,1,3,3.0,3,3,2.5,204,7,6,7.0,40,0,0,0,0,1,0,0,0,0,0,0,0,0,0,0,0,0,1,0,0,0,0,1,0,0,0,0,0,0,1,0,0,0,0,0,1,0,0,0,Alto,285000
110.0,16163,8,5,232.0,4,3,4,3,3,1618.0,5,1,1618,2,4,1,3,3.0,3,3,2.0,0,6,6,6.0,40,0,0,0,0,0,0,0,0,0,0,0,0,0,0,0,0,0,1,0,1,0,0,0,0,0,0,0,0,0,1,0,0,0,1,0,0,0,0,0,Alto,252000
72.0,7032,5,5,0.0,3,3,4,3,4,943.0,3,1,943,2,3,2,1,2.0,3,3,2.0,42,31,31,31.0,25,0,0,0,0,0,0,0,0,0,1,0,0,0,0,0,0,0,1,0,0,0,0,0,1,0,1,0,0,1,0,0,0,0,0,0,0,0,1,0,Médio,135960
63.0,10928,7,5,0.0,4,3,4,4,1,728.0,5,1,1456,3,4,1,3,2.0,3,3,2.5,100,5,5,5.0,35,0,0,0,0,1,0,0,0,0,0,0,0,0,0,0,0,0,1,0,0,0,0,1,0,0,1,0,0,0,1,0,0,0,1,0,0,0,0,0,Médio,184000
60.0,12900,6,8,0.0,4,4,3,3,1,780.0,5,1,1560,3,4,0,0,0.0,0,0,1.5,344,98,1,98.0,48,0,0,0,0,0,1,0,0,0,0,0,0,0,0,0,0,1,0,0,0,0,0,1,0,0,1,0,0,0,1,0,0,0,0,0,0,0,0,1,Baixo,159900
97.0,10029,6,5,268.0,4,3,4,3,1,1151.0,3,1,2060,4,3,1,1,2.0,3,3,3.0,228,22,21,22.0,30,0,0,0,0,1,0,0,0,0,0,0,0,0,0,0,0,0,1,0,0,0,0,1,0,0,0,0,0,0,1,0,0,0,1,0,0,0,0,0,Alto,211000
35.0,3768,7,5,218.0,4,3,4,3,1,691.0,5,1,1452,3,4,0,1,2.0,3,3,3.5,34,11,11,11.0,35,0,0,0,0,0,0,0,0,0,0,0,1,0,0,0,0,0,0,0,0,0,0,1,0,0,0,0,0,0,1,0,0,0,0,0,0,0,1,0,Alto,156000
80.0,11250,4,5,0.0,3,3,3,3,3,1104.0,5,1,1788,5,3,2,1,1.0,3,3,2.0,120,53,21,53.0,20,0,0,0,1,0,0,0,0,0,0,0,0,0,0,0,0,0,1,0,0,0,0,0,0,0,1,0,0,1,0,0,0,0,1,0,0,0,0,0,Alto,161500
24.0,2572,7,5,0.0,4,3,4,3,1,696.0,5,1,1416,3,4,0,1,2.0,3,3,3.5,44,11,11,11.0,35,0,0,0,0,0,0,0,0,0,0,0,1,0,0,0,0,0,0,0,0,0,0,1,0,0,1,0,0,0,1,0,0,0,0,0,0,0,1,0,Alto,155000
80.0,9200,6,6,0.0,3,3,3,3,1,1136.0,3,1,1136,3,3,1,2,1.0,3,3,2.0,426,45,45,45.0,36,0,0,0,0,0,0,0,0,0,0,0,0,0,0,0,0,0,1,0,1,0,0,0,0,0,1,0,0,1,0,0,0,0,1,0,0,0,0,0,Médio,140000
64.0,6285,5,5,0.0,3,3,4,3,1,894.0,3,1,894,2,3,0,1,1.0,3,3,2.0,192,33,33,31.0,25,0,0,0,0,0,0,0,0,0,0,0,0,0,0,0,0,0,1,0,1,0,0,0,0,0,1,0,0,1,0,0,0,0,0,0,0,0,1,0,Baixo,120750
80.0,10366,6,7,0.0,3,4,3,3,3,912.0,3,1,934,2,3,0,1,1.0,3,3,1.5,77,46,46,46.0,42,0,0,0,0,0,0,0,1,0,0,0,0,0,0,0,0,0,1,0,0,0,0,0,0,1,1,0,0,1,0,0,0,0,1,0,0,0,0,0,Baixo,132000
21.0,1680,6,5,504.0,3,3,3,3,1,483.0,3,1,987,2,3,0,1,1.0,3,3,2.5,0,37,37,37.0,30,0,0,0,0,0,0,0,0,0,0,0,1,0,0,0,0,1,0,0,0,0,0,1,0,0,0,0,0,1,0,0,0,0,0,0,0,0,1,0,Baixo,111000
66.0,11613,6,5,0.0,4,3,4,3,1,864.0,5,1,1820,3,4,0,2,2.0,3,3,2.5,229,17,13,17.0,30,0,0,0,0,1,0,0,0,0,0,0,0,0,0,0,0,0,1,0,0,0,0,1,0,0,1,0,0,0,1,0,0,0,1,0,0,0,0,0,Médio,191750
63.0,15660,7,9,312.0,4,4,3,3,1,798.0,5,1,1954,3,4,2,1,2.0,3,3,2.0,269,71,4,71.0,63,0,0,0,1,0,0,0,0,0,0,0,0,0,0,0,0,0,1,0,0,0,0,0,0,0,0,0,0,1,0,0,0,0,1,0,0,0,0,0,Médio,311500
59.0,11228,7,5,0.0,4,3,4,3,1,1080.0,5,1,2097,3,4,1,1,3.0,3,3,3.0,383,17,17,17.0,35,0,0,0,0,1,0,0,0,0,0,0,0,0,0,0,0,0,1,0,0,0,0,1,0,0,1,0,0,0,1,0,0,0,1,0,0,0,0,0,Médio,228000
71.0,8220,7,5,647.0,4,3,4,3,3,982.0,5,1,1892,3,3,1,2,2.0,3,3,2.5,108,10,9,10.0,35,0,0,0,0,1,0,0,0,0,0,0,0,0,0,0,0,0,1,0,0,0,0,1,0,0,0,0,0,0,1,0,0,0,1,0,0,0,0,0,Médio,226750
21.0,1680,6,5,504.0,3,3,3,3,1,483.0,3,1,987,2,3,0,1,1.0,3,3,1.5,275,39,39,39.0,30,0,0,0,0,0,0,0,0,0,0,0,1,0,0,0,0,1,0,0,0,0,0,1,0,0,0,0,0,1,0,0,0,0,0,0,0,0,1,0,Baixo,96000
82.0,12375,5,5,41.0,3,2,3,3,1,806.0,3,1,1422,3,3,1,1,1.0,3,3,2.0,0,59,59,59.0,25,0,0,0,1,0,0,0,0,0,0,0,0,0,0,0,0,0,1,0,0,0,0,0,0,0,0,0,1,1,0,0,0,0,0,0,0,0,1,0,Baixo,137500
60.0,5814,8,5,0.0,4,3,4,3,3,1220.0,4,1,1360,1,4,1,2,2.0,3,3,2.0,63,26,26,26.0,40,0,0,0,0,0,0,0,0,0,0,1,0,0,0,0,0,0,1,0,1,0,0,0,0,0,1,0,0,1,0,0,0,0,1,0,0,0,0,0,Alto,187500
130.0,40094,10,5,762.0,5,3,5,3,4,3138.0,5,1,4676,3,5,1,3,3.0,3,3,4.5,614,3,2,3.0,50,0,0,0,0,1,0,0,0,0,0,0,0,0,0,0,0,0,1,0,0,0,0,1,0,0,0,0,1,0,1,0,0,0,0,0,1,0,0,0,Baixo,184750
60.0,8544,3,4,0.0,3,3,0,0,0,0.0,4,0,1040,2,3,0,1,2.0,3,3,2.0,0,60,60,61.0,12,0,0,0,0,0,0,0,0,0,1,0,0,0,0,0,0,0,1,0,1,0,0,0,0,0,1,0,0,1,0,0,0,0,0,0,0,0,1,0,Médio,93500
63.0,8396,7,5,196.0,4,3,4,3,1,847.0,5,1,1986,4,4,1,3,2.0,3,3,2.5,168,7,7,7.0,35,0,0,0,0,1,0,0,0,0,0,0,0,0,0,0,0,0,1,0,0,0,0,1,0,0,0,0,0,0,1,0,0,0,0,0,1,0,0,0,Médio,213000
80.0,8700,5,6,148.0,3,4,3,3,2,1120.0,4,1,1128,3,3,0,2,2.0,3,3,3.0,335,47,47,47.0,30,0,0,0,0,0,0,0,0,0,0,0,0,0,0,0,0,0,1,0,1,0,0,0,0,0,0,0,0,1,0,0,0,0,1,0,0,0,0,0,Médio,155000
114.0,8314,7,5,0.0,4,3,4,3,1,569.0,5,1,1694,3,4,1,1,1.0,3,3,2.5,382,13,12,13.0,35,0,0,0,0,1,0,0,0,0,0,0,0,0,0,0,0,0,0,0,0,0,0,1,0,0,1,0,0,0,1,0,0,0,0,0,1,0,0,0,Alto,200000
57.0,21872,7,5,0.0,3,3,4,3,4,729.0,5,1,1446,3,3,1,1,2.0,3,3,3.0,286,14,13,14.0,35,0,0,0,0,1,0,0,0,0,0,0,0,0,0,0,0,0,1,0,0,0,0,1,0,0,1,0,0,0,1,0,0,0,1,0,0,0,0,0,Médio,175000
43.0,3196,8,5,40.0,4,3,4,3,4,1273.0,5,1,1456,2,4,1,3,2.0,3,3,2.0,163,7,7,7.0,40,0,0,0,0,0,0,0,0,0,0,1,0,0,0,0,0,0,1,0,1,0,0,0,0,0,0,0,0,0,1,0,0,0,1,0,0,0,0,0,Médio,215000
63.0,8487,7,5,210.0,4,3,4,3,3,1500.0,5,1,1500,3,4,0,2,2.0,3,3,2.0,228,6,6,6.0,35,0,0,0,0,0,0,0,0,0,0,0,0,0,0,0,0,0,1,0,1,0,0,0,0,0,0,0,0,0,1,0,0,0,1,0,0,0,0,0,Alto,190000
73.0,17227,8,5,158.0,4,3,4,3,4,1341.0,5,1,1341,1,4,1,2,2.0,3,3,2.5,324,11,10,11.0,40,0,0,0,0,0,0,0,0,0,0,0,0,0,0,0,0,0,1,0,1,0,0,0,0,0,0,0,0,0,1,0,0,0,1,0,0,0,0,0,Alto,246900
42.0,14892,9,5,160.0,5,3,5,3,4,1746.0,5,1,1746,3,5,2,3,3.0,3,3,3.0,240,4,3,4.0,45,0,0,0,0,0,0,0,0,0,0,0,0,0,0,0,0,0,1,0,1,0,0,0,0,0,0,0,1,0,1,0,0,0,1,0,0,0,0,0,Médio,377500
80.0,10800,6,6,104.0,3,3,3,3,1,1313.0,3,1,1773,3,3,2,2,2.0,3,3,3.0,453,49,18,49.0,36,0,0,0,0,0,0,0,0,0,0,0,0,0,0,0,0,0,1,0,1,0,0,0,0,0,0,0,0,1,0,0,0,0,1,0,0,0,0,0,Médio,183000
70.0,12392,7,9,0.0,3,4,3,4,1,832.0,5,1,2161,3,4,2,3,2.0,3,3,3.5,96,60,10,16.0,63,0,0,0,1,0,0,0,0,0,0,0,0,0,0,0,0,0,1,0,0,0,0,0,0,0,1,0,0,1,0,0,0,0,1,0,0,0,0,0,Médio,263400
75.0,8235,5,4,99.0,3,3,3,3,1,1949.0,3,1,1949,6,3,0,2,2.0,3,3,2.0,32,33,33,33.0,20,0,0,0,0,0,0,0,0,0,1,0,0,0,0,0,0,0,1,0,1,0,0,0,0,0,0,0,0,1,0,0,0,0,1,0,0,0,0,0,Baixo,157000
74.0,9612,8,5,72.0,4,3,4,3,1,1468.0,5,1,1468,3,4,1,3,3.0,3,3,2.0,360,2,1,2.0,40,0,0,0,0,0,0,0,0,0,0,0,0,0,0,0,0,0,1,0,1,0,0,0,0,0,0,0,1,0,1,0,0,0,1,0,0,0,0,0,Alto,244600
72.0,9770,5,5,0.0,3,3,3,3,1,922.0,3,1,922,2,3,0,1,1.0,3,3,2.0,34,53,53,53.0,25,0,0,0,0,0,0,0,0,0,0,0,0,0,0,0,0,0,1,0,1,0,0,0,0,0,1,0,0,1,0,0,0,0,1,0,0,0,0,0,Médio,116000
60.0,8172,5,7,0.0,3,3,3,3,1,864.0,3,1,864,2,3,0,1,2.0,3,3,2.0,0,55,20,53.0,35,0,0,0,0,0,0,0,0,0,0,0,0,0,0,0,0,0,1,0,1,0,0,0,0,0,1,0,0,1,0,0,0,0,0,0,0,0,1,0,Baixo,115000
50.0,8340,6,6,62.0,3,3,4,3,3,675.0,3,1,1388,3,3,0,1,1.0,3,3,1.5,442,33,33,33.0,36,0,0,0,0,1,0,0,0,0,0,0,0,0,0,0,0,0,1,0,0,0,0,1,0,0,0,0,0,1,0,0,0,0,1,0,0,0,0,0,Alto,157500
65.0,15635,4,5,0.0,3,3,0,0,0,0.0,3,1,1383,2,3,0,1,2.0,2,3,1.0,90,56,56,30.0,20,0,0,0,0,0,0,0,0,0,0,0,0,0,0,0,0,0,1,0,1,0,0,0,0,0,1,0,0,1,0,0,0,0,1,0,0,0,0,0,Baixo,122000
50.0,11672,5,5,0.0,3,3,3,3,1,816.0,3,1,816,2,3,0,1,1.0,2,2,1.0,280,85,60,85.0,25,1,0,0,0,0,0,0,0,0,0,0,0,0,0,0,0,0,1,0,1,0,0,0,0,0,1,0,0,0,0,0,0,0,0,0,0,0,1,0,Baixo,109000
74.0,8856,5,4,143.0,3,3,3,3,1,1176.0,3,1,1176,3,3,2,2,1.0,3,3,2.0,88,53,53,53.0,20,0,0,0,0,0,0,0,0,0,0,0,0,0,0,0,0,0,1,0,1,0,0,0,0,0,0,0,0,1,0,0,0,0,1,0,0,0,0,0,Médio,136500
75.0,9825,5,5,162.0,3,3,4,3,4,936.0,4,1,936,2,3,1,1,1.0,3,3,2.0,405,43,43,43.0,25,0,0,0,0,0,0,0,0,1,0,0,0,0,0,0,0,0,1,0,0,0,0,0,1,0,0,0,0,1,0,0,0,0,1,0,0,0,0,0,Baixo,118500
60.0,8544,3,4,0.0,3,3,0,0,0,0.0,2,0,1040,2,3,0,1,2.0,3,3,2.0,0,60,60,23.0,12,0,0,0,0,0,0,0,0,0,1,0,0,0,0,0,0,0,1,0,1,0,0,0,0,0,1,0,0,0,0,1,0,0,0,0,0,0,1,0,Médio,92900
61.0,7328,7,5,140.0,4,3,4,3,1,1450.0,5,1,1450,2,4,0,2,3.0,3,3,2.0,93,2,1,2.0,35,0,0,0,0,0,0,0,0,0,0,0,0,0,0,0,0,0,1,0,1,0,0,0,0,0,0,0,0,0,1,0,0,0,1,0,0,0,0,0,Médio,224243
43.0,3010,7,5,16.0,4,3,4,3,3,1248.0,5,1,1248,2,4,0,3,2.0,3,3,2.0,108,5,4,5.0,35,0,0,0,0,0,0,0,0,0,0,1,0,0,0,0,0,0,1,0,1,0,0,0,0,0,0,0,0,0,1,0,0,0,1,0,0,0,0,0,Médio,167240
70.0,11767,5,5,259.0,3,3,3,3,1,1150.0,5,1,1560,2,3,1,1,1.0,3,3,1.0,0,54,54,54.0,25,0,0,0,0,0,0,0,0,0,0,0,0,0,0,0,0,0,1,0,1,0,0,0,0,0,0,0,0,1,0,0,0,0,1,0,0,0,0,0,Baixo,103500
75.0,9525,5,7,0.0,3,3,3,3,3,1172.0,3,1,1172,3,3,0,3,1.0,3,3,2.0,240,56,12,56.0,35,0,0,0,0,0,0,0,0,0,0,0,0,0,0,0,0,0,1,0,1,0,0,0,0,0,1,0,0,1,0,0,0,0,1,0,0,0,0,0,Baixo,128000
72.0,18450,6,5,113.0,3,4,4,3,1,1021.0,3,1,2380,3,3,1,1,2.0,3,3,2.5,265,45,31,45.0,30,0,0,0,0,1,0,0,0,0,0,0,0,0,0,0,0,0,1,0,0,0,0,1,0,0,0,1,0,1,0,0,0,0,0,0,0,1,0,0,Médio,129000
75.0,11625,5,4,0.0,3,3,3,3,2,1039.0,5,1,1039,3,3,0,1,2.0,3,3,2.5,0,45,45,45.0,20,0,0,0,0,0,0,0,0,0,0,0,0,0,1,0,0,0,1,0,1,0,0,0,0,0,1,0,0,0,1,0,0,0,1,0,0,0,0,0,Baixo,131500
65.0,9638,6,6,0.0,3,3,3,3,3,1029.0,3,1,1117,3,3,1,2,2.0,3,3,2.0,292,33,33,33.0,36,0,0,0,0,0,0,0,1,0,0,0,0,0,0,0,0,0,1,0,0,0,0,0,0,1,1,0,0,1,0,0,0,0,1,0,0,0,0,0,Baixo,147000
72.0,7176,6,6,200.0,3,3,3,4,4,960.0,2,1,1040,3,3,1,1,2.0,3,3,2.0,131,32,32,31.0,36,0,0,0,0,0,0,0,1,0,0,0,0,0,0,0,0,0,1,0,0,0,0,0,0,1,0,0,0,1,0,0,0,0,0,0,0,0,1,0,Baixo,160500
60.0,8070,4,5,0.0,3,3,4,3,1,990.0,5,1,990,3,3,0,0,0.0,0,0,2.0,0,16,15,16.0,20,0,0,0,0,0,0,0,0,0,0,0,0,0,0,0,0,0,1,0,1,0,0,0,0,0,1,0,0,0,1,0,0,0,0,0,0,0,0,1,Alto,123600
72.0,11846,9,5,562.0,4,3,5,3,4,1792.0,5,1,1792,2,5,1,3,3.0,3,3,3.0,255,7,6,7.0,45,0,0,0,0,0,0,0,0,0,0,0,0,0,0,0,0,0,1,0,1,0,0,0,0,0,0,0,0,0,1,0,0,0,1,0,0,0,0,0,Alto,374000
60.0,5890,6,8,0.0,4,4,3,3,3,816.0,5,1,816,2,3,0,1,1.0,3,3,1.0,96,80,3,8.0,48,1,0,0,0,0,0,0,0,0,0,0,0,0,0,0,0,1,0,0,1,0,0,0,0,0,1,0,0,0,0,0,0,0,0,0,0,0,1,0,Baixo,120500
70.0,11875,5,5,0.0,3,3,4,3,1,1344.0,5,1,1344,3,3,1,1,2.0,3,3,2.0,328,11,11,9.0,25,0,0,0,0,0,0,0,0,0,0,0,0,0,0,0,0,0,1,0,1,0,0,0,0,0,1,0,0,0,1,0,0,0,1,0,0,0,0,0,Médio,166500
77.0,11198,9,5,245.0,4,3,4,4,1,1122.0,5,1,2504,4,5,1,3,3.0,3,3,2.5,183,5,3,5.0,45,0,0,0,0,1,0,0,0,0,0,0,0,0,0,0,0,0,1,0,0,0,0,1,0,0,0,0,0,0,1,0,0,0,0,0,1,0,0,0,Alto,325000
65.0,7804,4,3,0.0,3,3,3,3,1,1122.0,3,1,1981,4,4,2,1,2.0,3,3,3.0,475,82,60,29.0,12,0,0,0,1,0,0,0,0,0,0,0,0,0,0,0,0,0,1,0,0,0,0,0,0,0,1,0,0,0,0,0,0,0,0,0,0,0,1,0,Médio,135000
92.0,11764,8,7,348.0,4,3,4,3,1,1152.0,5,1,2270,4,4,1,3,3.0,3,3,2.5,189,11,3,11.0,56,0,0,0,0,1,0,0,0,0,0,0,0,0,0,0,0,0,1,0,0,0,0,1,0,0,0,0,0,0,1,0,0,0,1,0,0,0,0,0,Alto,290000
75.0,9000,5,5,0.0,3,3,3,3,1,936.0,3,1,1128,2,3,0,1,1.0,3,3,1.0,0,56,56,56.0,25,0,0,0,0,0,0,0,0,0,0,0,0,0,0,0,0,0,1,0,1,0,0,0,0,0,1,0,0,1,0,0,0,0,1,0,0,0,0,0,Médio,118000
60.0,56600,5,1,0.0,3,3,3,3,1,686.0,5,1,1836,4,3,0,1,1.0,3,2,2.0,0,110,60,110.0,5,0,0,0,0,0,1,0,0,0,0,0,0,0,0,0,1,0,0,0,0,0,1,0,0,0,1,0,0,0,0,0,0,0,0,0,0,0,1,0,Baixo,103000
35.0,9400,6,5,250.0,3,3,4,4,4,945.0,3,1,980,4,3,0,0,0.0,0,0,3.0,0,35,35,35.0,30,0,0,0,0,0,0,0,0,0,1,0,0,0,0,0,0,0,1,0,0,0,0,0,1,0,0,0,0,1,0,0,0,0,0,0,0,0,0,1,Baixo,127500
112.0,16451,8,5,221.0,4,3,5,3,4,1765.0,5,1,2690,4,4,1,3,3.0,3,3,2.5,326,7,7,7.0,40,0,0,0,0,1,0,0,0,0,0,0,0,0,0,0,0,0,1,0,0,0,0,1,0,0,0,0,0,0,1,0,0,0,0,0,1,0,0,0,Alto,370000
63.0,9556,7,5,52.0,3,3,4,3,1,1168.0,4,1,1187,3,4,0,2,2.0,3,3,2.0,21,18,17,18.0,35,0,0,0,0,0,0,0,0,0,0,0,0,0,0,0,0,0,1,0,1,0,0,0,0,0,0,0,0,0,1,0,0,0,1,0,0,0,0,0,Médio,160000
59.0,23303,8,5,20.0,4,3,5,3,3,1508.0,5,1,2520,5,5,1,3,3.0,3,3,3.5,465,3,3,3.0,40,0,0,0,0,1,0,0,0,0,0,0,0,0,0,0,0,0,1,0,0,0,0,1,0,0,0,0,1,0,1,0,0,0,0,0,1,0,0,0,Alto,409900
89.0,13214,9,5,0.0,5,3,5,3,4,2002.0,5,1,2018,3,5,1,3,3.0,3,3,2.0,220,2,1,1.0,45,0,0,0,0,0,0,0,0,0,0,0,0,0,0,0,0,0,1,0,1,0,0,0,0,0,1,0,0,0,1,0,0,0,1,0,0,0,0,0,Alto,378500
70.0,8750,6,5,120.0,3,3,4,3,1,928.0,5,1,1772,3,3,1,2,2.0,3,3,3.5,246,12,12,12.0,30,0,0,0,0,1,0,0,0,0,0,0,0,0,0,0,0,0,1,0,0,0,0,1,0,0,0,0,0,0,1,0,0,0,1,0,0,0,0,0,Alto,200000
80.0,8000,5,4,0.0,3,3,3,3,1,1800.0,5,0,1800,6,3,0,0,0.0,0,0,2.0,0,49,49,49.0,20,0,0,0,0,0,0,0,0,0,1,0,0,0,0,0,0,0,1,0,1,0,0,0,0,0,1,0,0,1,0,0,0,0,0,0,0,0,0,1,Médio,141000
75.0,9000,8,5,0.0,4,3,4,3,3,1184.0,5,1,2610,4,5,1,3,2.0,3,3,2.5,572,3,3,3.0,40,0,0,0,0,1,0,0,0,0,0,0,0,0,0,0,0,0,0,0,0,0,0,1,0,0,1,0,0,0,1,0,0,0,0,0,1,0,0,0,Alto,303477
78.0,10206,8,5,294.0,4,3,4,3,1,1614.0,5,1,1658,3,4,1,3,3.0,3,3,2.5,188,2,2,2.0,40,0,0,0,0,0,0,0,0,0,0,0,0,0,0,0,0,0,1,0,1,0,0,0,0,0,0,0,0,0,1,0,0,0,1,0,0,0,0,0,Alto,257500
79.0,11646,6,5,0.0,4,3,4,3,3,704.0,5,1,1422,3,4,1,3,2.0,3,3,2.5,64,5,4,5.0,30,0,0,0,0,1,0,0,0,0,0,0,0,0,0,0,0,0,1,0,0,0,0,1,0,0,1,0,0,0,1,0,0,0,1,0,0,0,0,0,Alto,173000
50.0,3500,5,7,0.0,3,3,3,3,1,720.0,3,1,1284,2,3,0,1,1.0,3,3,1.5,35,63,60,62.0,35,0,0,0,1,0,0,0,0,0,0,0,0,0,0,0,0,1,0,0,0,0,0,0,0,0,1,0,0,1,0,0,0,0,0,0,0,0,1,0,Baixo,110000
160.0,20000,5,7,0.0,3,3,3,3,1,1224.0,5,1,1224,4,3,1,1,2.0,3,3,2.0,474,50,14,50.0,35,0,0,0,0,0,0,0,0,0,0,0,0,0,0,0,0,0,1,0,1,0,0,0,0,0,1,0,0,1,0,0,0,0,0,0,0,0,1,0,Médio,131000
60.0,7436,4,7,0.0,3,3,3,3,1,894.0,4,1,894,2,3,1,1,2.0,3,3,2.0,0,50,50,22.0,28,0,0,0,0,0,0,0,0,0,0,0,0,0,0,0,0,0,1,0,1,0,0,0,0,0,1,0,0,1,0,0,0,0,0,0,0,0,1,0,Médio,141500
68.0,9017,7,5,0.0,4,3,4,3,3,1431.0,5,1,1431,3,4,0,3,2.0,3,3,3.0,35,11,11,11.0,35,0,0,0,0,0,0,0,0,0,0,0,0,0,0,0,0,0,1,0,1,0,0,0,0,0,1,0,0,0,1,0,0,0,1,0,0,0,0,0,Alto,192000
80.0,11500,6,6,0.0,3,3,4,4,4,1182.0,5,1,1643,2,3,1,1,2.0,3,3,3.0,339,44,44,44.0,36,0,0,0,0,0,0,0,0,0,0,0,0,0,0,0,0,0,1,0,1,0,0,0,0,0,1,0,0,1,0,0,0,0,1,0,0,0,0,0,Alto,195000
107.0,12888,7,8,0.0,3,4,3,3,1,1005.0,3,1,2267,3,3,2,3,2.0,3,3,2.5,521,73,30,73.0,56,0,0,0,0,0,1,0,0,0,0,0,0,0,0,0,0,0,1,0,0,0,0,1,0,0,1,0,0,1,0,0,0,0,1,0,0,0,0,0,Baixo,219000
69.0,11302,8,5,238.0,4,3,4,3,4,1814.0,5,1,1826,3,4,1,3,3.0,3,3,3.0,255,5,4,5.0,40,0,0,0,0,0,0,0,0,0,0,0,0,0,0,0,0,0,1,0,1,0,0,0,0,0,0,0,0,0,1,0,0,0,1,0,0,0,0,0,Alto,319000
90.0,5400,2,5,0.0,2,3,2,3,1,416.0,4,0,599,2,4,0,0,0.0,0,0,2.0,81,70,60,70.0,10,1,0,0,0,0,0,0,0,0,0,0,0,0,0,0,0,0,1,0,1,0,0,0,0,0,1,0,0,0,1,0,0,0,0,0,0,0,0,1,Baixo,59000
70.0,7000,5,8,90.0,4,4,3,3,1,864.0,5,1,864,3,3,0,1,1.0,3,3,2.0,0,32,5,32.0,40,0,0,0,0,0,0,0,0,0,0,0,0,0,0,0,0,0,1,0,1,0,0,0,0,0,0,0,0,1,0,0,0,0,1,0,0,0,0,0,Alto,136500
36.0,3640,8,5,0.0,4,3,4,3,4,1036.0,3,1,1036,1,4,1,3,2.0,3,3,2.0,241,30,30,30.0,40,0,0,0,0,0,0,0,0,0,0,1,0,0,0,0,0,0,1,0,1,0,0,0,0,0,1,0,0,1,0,0,0,0,0,0,0,0,1,0,Alto,188000
74.0,11988,6,7,0.0,3,3,3,3,1,715.0,2,1,1660,3,3,1,1,1.0,3,3,1.5,0,76,15,71.0,42,0,0,0,0,0,1,0,0,0,0,0,0,0,0,0,0,0,1,0,0,0,0,1,0,0,1,0,0,1,0,0,0,0,0,0,0,0,1,0,Médio,188700
72.0,15870,5,5,0.0,3,3,3,3,2,1096.0,5,1,1096,3,3,0,3,1.0,3,3,2.0,272,41,41,41.0,25,0,0,0,0,0,0,0,0,0,0,0,0,0,0,0,0,0,1,0,1,0,0,0,0,0,1,0,0,1,0,0,0,0,1,0,0,0,0,0,Médio,138800
40.0,4400,6,8,0.0,3,3,2,3,1,648.0,3,1,1118,2,3,0,1,2.0,3,3,1.0,0,90,60,20.0,48,0,0,0,1,0,0,0,0,0,0,0,0,0,0,0,0,1,0,0,0,0,0,0,0,0,1,0,0,0,0,0,0,0,0,0,0,0,1,0,Baixo,116000
57.0,8923,7,5,0.0,4,3,4,3,1,384.0,4,1,1382,3,3,1,3,2.0,3,3,2.5,256,12,12,12.0,35,0,0,0,0,0,0,0,1,0,0,0,0,0,0,0,0,0,1,0,0,0,0,0,0,1,1,0,0,0,1,0,0,0,0,0,1,0,0,0,Médio,177500
36.0,2448,7,5,106.0,4,3,4,3,1,764.0,5,1,1626,2,4,0,2,2.0,3,3,3.5,27,7,6,7.0,35,0,0,0,0,0,0,0,0,0,0,0,1,0,0,0,0,0,1,0,0,0,0,1,0,0,0,0,1,0,1,0,0,0,0,0,1,0,0,0,Alto,154000
89.0,10991,8,5,80.0,4,3,4,3,4,1571.0,5,1,1571,3,4,1,3,3.0,3,3,2.0,136,3,3,3.0,40,0,0,0,0,0,0,0,0,0,0,0,0,0,0,0,0,0,1,0,1,0,0,0,0,0,0,0,0,0,1,0,0,0,1,0,0,0,0,0,Alto,239000
94.0,12220,10,5,305.0,5,3,5,3,1,2006.0,5,1,2020,3,5,1,3,3.0,3,3,3.5,210,1,1,1.0,50,0,0,0,0,0,0,0,0,0,0,0,0,0,0,0,0,0,1,0,1,0,0,0,0,0,0,0,0,1,0,0,0,0,1,0,0,0,0,0,Alto,402861
50.0,9000,2,3,0.0,3,3,3,3,3,480.0,3,0,480,1,3,0,1,1.0,3,3,1.0,0,61,60,52.0,6,0,0,0,0,0,0,0,0,0,0,0,0,0,0,0,0,1,0,0,1,0,0,0,0,0,1,0,0,1,0,0,0,0,0,0,0,0,1,0,Baixo,35311
88.0,10994,8,5,366.0,4,3,4,4,1,1844.0,5,1,1844,2,4,1,3,2.0,3,3,3.0,209,5,4,5.0,40,0,0,0,0,0,0,0,0,0,0,0,0,0,0,0,0,0,1,0,1,0,0,0,0,0,0,0,1,0,1,0,0,0,1,0,0,0,0,0,Médio,257000
80.0,8400,6,9,237.0,4,4,3,3,1,1319.0,3,1,1537,3,4,1,2,2.0,3,3,2.5,36,48,5,48.0,54,0,0,0,0,0,0,0,0,0,0,0,0,0,0,0,0,0,1,0,1,0,0,0,0,0,0,0,0,1,0,0,0,0,1,0,0,0,0,0,Médio,174000
50.0,7175,6,5,0.0,4,3,4,3,1,1217.0,4,1,1217,2,4,0,2,2.0,3,3,2.0,64,19,19,19.0,30,0,0,0,0,0,0,0,0,0,0,1,0,0,0,0,0,0,1,0,1,0,0,0,0,0,1,0,0,0,1,0,0,0,1,0,0,0,0,0,Médio,151000
88.0,10738,6,7,0.0,3,3,3,3,1,1093.0,4,1,1093,3,3,1,2,2.0,3,3,3.0,224,44,44,44.0,42,0,0,0,0,0,0,0,0,0,0,0,0,0,0,0,0,0,1,0,1,0,0,0,0,0,1,0,0,1,0,0,0,0,1,0,0,0,0,0,Médio,158500
80.0,10400,7,5,0.0,3,3,4,3,3,866.0,5,1,1779,3,4,0,2,2.0,3,3,2.5,234,12,12,12.0,35,0,0,0,0,1,0,0,0,0,0,0,0,0,0,0,0,0,1,0,0,0,0,1,0,0,1,0,0,0,1,0,0,0,1,0,0,0,0,0,Alto,197900
60.0,9084,5,6,0.0,3,3,3,2,2,616.0,3,0,1111,3,3,0,1,1.0,3,2,1.5,48,69,60,69.0,30,0,0,0,1,0,0,0,0,0,0,0,0,0,0,0,0,0,1,0,0,0,0,0,0,0,1,0,0,1,0,0,0,0,0,0,0,0,1,0,Baixo,95000
60.0,7392,5,7,0.0,3,3,3,3,1,520.0,3,1,912,2,3,0,2,1.0,3,3,1.0,90,80,15,76.0,35,1,0,0,0,0,0,0,0,0,0,0,0,0,0,0,0,1,0,0,1,0,0,0,0,0,1,0,0,0,0,0,0,0,0,0,0,0,1,0,Baixo,99500
80.0,10389,8,5,320.0,4,3,4,3,1,1978.0,5,1,1978,3,4,1,2,3.0,3,3,3.5,213,7,7,7.0,40,0,0,0,0,0,0,0,0,0,0,0,0,0,0,0,0,0,1,0,1,0,0,0,0,0,0,0,0,0,1,0,0,0,1,0,0,0,0,0,Alto,318000
65.0,10237,7,5,0.0,4,3,4,3,1,738.0,5,1,1492,3,4,0,3,2.0,3,3,2.5,32,4,4,4.0,35,0,0,0,0,1,0,0,0,0,0,0,0,0,0,0,0,0,1,0,0,0,0,1,0,0,1,0,0,0,1,0,0,0,1,0,0,0,0,0,Médio,169985
74.0,8581,7,5,0.0,4,3,4,4,2,851.0,5,1,1737,3,4,0,2,2.0,3,3,2.5,105,4,4,4.0,35,0,0,0,0,1,0,0,0,0,0,0,0,0,0,0,0,0,1,0,0,0,0,1,0,0,1,0,0,0,1,0,0,0,1,0,0,0,0,0,Alto,203160
66.0,13695,5,5,0.0,3,3,3,3,1,1114.0,5,1,1114,3,4,0,1,2.0,3,3,2.5,102,6,6,6.0,25,0,0,0,0,0,0,0,0,0,0,0,0,0,0,0,0,0,1,0,1,0,0,0,0,0,1,0,0,0,1,0,0,0,0,0,0,0,1,0,Médio,159000
44.0,4750,8,5,481.0,4,3,4,3,4,1573.0,5,1,1625,2,4,1,3,2.0,3,3,3.5,123,4,3,4.0,40,0,0,0,0,0,0,0,0,0,0,1,0,0,0,0,0,1,0,0,1,0,0,0,0,0,0,0,1,0,1,0,0,0,1,0,0,0,0,0,Médio,235000
118.0,35760,10,5,1378.0,4,4,5,3,4,1930.0,5,1,3627,4,4,1,3,3.0,3,3,4.5,437,15,14,15.0,50,0,0,0,0,1,0,0,0,0,0,0,0,0,0,0,0,0,1,0,0,0,0,1,0,0,0,0,0,0,1,0,0,0,1,0,0,0,0,0,Alto,625000
80.0,20062,7,7,0.0,4,4,4,3,4,1420.0,4,1,1483,1,3,2,2,2.0,3,3,2.5,496,33,9,33.0,49,0,0,0,0,0,0,0,0,0,0,0,0,0,0,0,0,0,1,0,1,0,0,0,0,0,1,0,0,1,0,0,0,0,1,0,0,0,0,0,Alto,270000
70.0,11200,5,5,0.0,3,3,3,3,1,1040.0,5,1,1040,3,3,0,1,1.0,3,3,2.0,0,45,45,45.0,25,0,0,0,0,0,0,0,0,0,0,0,0,0,0,0,0,0,1,0,1,0,0,0,0,0,1,0,0,1,0,0,0,0,0,0,0,0,1,0,Baixo,129500
126.0,13108,5,5,0.0,3,3,0,0,0,0.0,2,1,1226,2,3,1,3,2.0,3,3,1.5,318,59,59,59.0,25,0,0,0,0,0,0,0,0,0,0,0,0,0,0,0,0,0,1,0,1,0,0,0,0,0,1,0,0,1,0,0,0,0,1,0,0,0,0,0,Médio,153500
60.0,5100,8,7,0.0,3,4,3,3,1,588.0,2,1,1666,3,4,1,1,1.0,3,3,1.0,255,85,14,85.0,56,0,0,0,0,0,1,0,0,0,0,0,0,0,0,0,0,1,0,0,0,0,0,1,0,0,1,0,0,0,1,0,0,0,0,0,0,0,1,0,Baixo,161000
128.0,13001,6,5,176.0,3,3,3,3,2,1625.0,3,1,1220,2,3,1,1,2.0,3,3,2.5,249,39,39,39.0,30,0,0,0,0,0,0,0,0,0,0,0,0,0,0,0,0,0,1,0,1,0,0,0,0,0,0,0,0,1,0,0,0,0,1,0,0,0,0,0,Médio,170000
